{
	"player1": "bf",
	"events": [
		[
			0,
			[
				["an", "2", ""]
			]
		],
		[
			139636.363636364,
			[
				["Flash", "ffffff", "1"]
			]
		],
		[
			139727.272727273,
			[
				["an", "1", ""]
			]
		]
	],
	"gfVersion": "gf",
	"notes": [
		{
			"gfSection": true,
			"sectionNotes": [],
			"sectionBeats": 4,
			"mustHitSection": false
		},
		{
			"sectionNotes": [],
			"sectionBeats": 4,
			"gfSection": true,
			"mustHitSection": false
		},
		{
			"sectionNotes": [],
			"sectionBeats": 4,
			"gfSection": true,
			"mustHitSection": false
		},
		{
			"sectionNotes": [],
			"sectionBeats": 4,
			"gfSection": true,
			"mustHitSection": false
		},
		{
			"sectionNotes": [],
			"sectionBeats": 4,
			"gfSection": true,
			"mustHitSection": false
		},
		{
			"sectionNotes": [],
			"sectionBeats": 4,
			"gfSection": true,
			"mustHitSection": false
		},
		{
			"sectionNotes": [],
			"sectionBeats": 4,
			"gfSection": true,
			"mustHitSection": false
		},
		{
			"sectionNotes": [],
			"sectionBeats": 4,
			"gfSection": true,
			"mustHitSection": false
		},
		{
			"sectionNotes": [],
			"sectionBeats": 4,
			"gfSection": false,
			"mustHitSection": true
		},
		{
			"sectionNotes": [],
			"sectionBeats": 4,
			"mustHitSection": false
		},
		{
			"sectionNotes": [],
			"sectionBeats": 4,
			"mustHitSection": true
		},
		{
			"sectionNotes": [],
			"sectionBeats": 4,
			"mustHitSection": false
		},
		{
			"sectionNotes": [],
			"sectionBeats": 4,
			"mustHitSection": true
		},
		{
			"sectionNotes": [],
			"sectionBeats": 4,
			"mustHitSection": false
		},
		{
			"sectionNotes": [],
			"sectionBeats": 4,
			"mustHitSection": true
		},
		{
			"sectionNotes": [
				[22545.4545454545, 7, 0],
				[22727.2727272727, 5, 0],
				[22909.0909090909, 6, 0],
				[23090.9090909091, 4, 0]
			],
			"sectionBeats": 4,
			"mustHitSection": false
		},
		{
			"sectionNotes": [
				[23272.7272727273, 6, 90.9090909090909],
				[23636.3636363636, 5, 90.9090909090909],
				[24363.6363636364, 7, 90.9090909090909],
				[24545.4545454545, 6, 90.9090909090909]
			],
			"sectionBeats": 4,
			"mustHitSection": false
		},
		{
			"sectionNotes": [
				[25454.5454545455, 7, 0],
				[25636.3636363636, 5, 0],
				[25818.1818181818, 6, 0],
				[26000, 4, 0]
			],
			"sectionBeats": 4,
			"mustHitSection": false
		},
		{
			"sectionNotes": [
				[26181.8181818182, 6, 90.9090909090909],
				[26545.4545454546, 5, 0],
				[27272.7272727273, 4, 0],
				[27454.5454545455, 7, 0]
			],
			"sectionBeats": 4,
			"mustHitSection": false
		},
		{
			"sectionNotes": [
				[28363.6363636364, 7, 0],
				[28545.4545454545, 5, 0],
				[28727.2727272727, 6, 0],
				[28909.0909090909, 4, 0]
			],
			"sectionBeats": 4,
			"mustHitSection": false
		},
		{
			"sectionNotes": [
				[29090.9090909091, 7, 0],
				[29363.6363636364, 6, 90.9090909090909],
				[30181.8181818182, 4, 0],
				[30363.6363636364, 7, 0]
			],
			"sectionBeats": 4,
			"mustHitSection": false
		},
		{
			"sectionNotes": [
				[31272.7272727273, 7, 0],
				[31454.5454545455, 5, 0],
				[31636.3636363636, 6, 0],
				[31818.1818181818, 4, 0]
			],
			"sectionBeats": 4,
			"mustHitSection": false
		},
		{
			"sectionNotes": [
				[32000, 7, 0],
				[32363.6363636364, 6, 0],
				[33090.9090909091, 4, 0],
				[33272.7272727273, 7, 0]
			],
			"sectionBeats": 4,
			"mustHitSection": false
		},
		{
			"sectionNotes": [
				[34181.8181818182, 3, 0],
				[34363.6363636364, 1, 0],
				[34545.4545454545, 2, 0],
				[34727.2727272727, 0, 0]
			],
			"sectionBeats": 4,
			"mustHitSection": true
		},
		{
			"sectionNotes": [
				[34909.0909090909, 2, 90.9090909090909],
				[35272.7272727273, 0, 0],
				[35636.3636363636, 3, 0],
				[36000, 0, 0],
				[36181.8181818182, 3, 0]
			],
			"sectionBeats": 4,
			"mustHitSection": true
		},
		{
			"sectionNotes": [
				[37090.9090909091, 3, 0],
				[37272.7272727273, 1, 0],
				[37454.5454545455, 2, 0],
				[37636.3636363636, 0, 0]
			],
			"sectionBeats": 4,
			"mustHitSection": true
		},
		{
			"sectionNotes": [
				[37818.1818181818, 2, 90.9090909090909],
				[38181.8181818182, 0, 0],
				[38545.4545454546, 1, 0],
				[38909.0909090909, 0, 0],
				[39090.9090909091, 3, 0]
			],
			"sectionBeats": 4,
			"mustHitSection": true
		},
		{
			"sectionNotes": [
				[40000, 3, 0],
				[40181.8181818182, 1, 0],
				[40363.6363636364, 2, 0],
				[40545.4545454546, 0, 0]
			],
			"sectionBeats": 4,
			"mustHitSection": true
		},
		{
			"sectionNotes": [
				[40727.2727272727, 2, 90.9090909090909],
				[41090.9090909091, 0, 0],
				[41454.5454545455, 3, 0],
				[41818.1818181818, 2, 0],
				[42000, 1, 0]
			],
			"sectionBeats": 4,
			"mustHitSection": true
		},
		{
			"sectionNotes": [
				[42909.0909090909, 3, 90.9090909090909],
				[43090.9090909091, 1, 90.9090909090909],
				[43272.7272727273, 2, 90.9090909090909],
				[43454.5454545455, 0, 90.9090909090909]
			],
			"sectionBeats": 4,
			"mustHitSection": true
		},
		{
			"sectionNotes": [
				[43636.3636363637, 2, 90.9090909090909],
				[44000, 0, 0],
				[44363.6363636364, 3, 0],
				[44727.2727272727, 2, 0],
				[44909.0909090909, 1, 0]
			],
			"sectionBeats": 4,
			"mustHitSection": true
		},
		{
			"sectionNotes": [
				[45818.1818181818, 3, 90.9090909090909],
				[46000, 0, 0],
				[46181.8181818182, 2, 90.9090909090909],
				[46363.6363636364, 1, 0]
			],
			"sectionBeats": 4,
			"mustHitSection": true
		},
		{
			"typeOfSection": 0,
			"sectionNotes": [
				[46545.4545454546, 7, 0],
				[46909.0909090909, 6, 0],
				[47272.7272727273, 4, 0],
				[47636.3636363637, 4, 0],
				[47818.1818181818, 6, 0]
			],
			"sectionBeats": 4,
			"altAnim": false,
			"gfSection": false,
			"bpm": 100,
			"changeBPM": false,
			"mustHitSection": false
		},
		{
			"typeOfSection": 0,
			"sectionNotes": [
				[48727.2727272727, 7, 0],
				[48909.0909090909, 5, 0],
				[49090.909090909, 6, 0],
				[49272.7272727272, 4, 0]
			],
			"sectionBeats": 4,
			"altAnim": false,
			"gfSection": false,
			"bpm": 165,
			"changeBPM": false,
			"mustHitSection": false
		},
		{
			"typeOfSection": 0,
			"sectionNotes": [
				[49454.5454545455, 7, 0],
				[49818.1818181818, 6, 0],
				[50181.8181818182, 4, 0],
				[50545.4545454546, 4, 0],
				[50727.2727272727, 6, 0]
			],
			"sectionBeats": 4,
			"altAnim": false,
			"gfSection": false,
			"bpm": 165,
			"changeBPM": false,
			"mustHitSection": false
		},
		{
			"typeOfSection": 0,
			"sectionNotes": [
				[51636.3636363637, 7, 0],
				[51818.1818181819, 5, 0],
				[52000, 6, 0],
				[52181.8181818182, 4, 0]
			],
			"sectionBeats": 4,
			"altAnim": false,
			"gfSection": false,
			"bpm": 100,
			"changeBPM": false,
			"mustHitSection": false
		},
		{
			"sectionBeats": 4,
			"sectionNotes": [
				[52363.6363636364, 7, 0],
				[52727.2727272727, 6, 0],
				[53090.9090909091, 4, 0],
				[53454.5454545455, 4, 0],
				[53636.3636363637, 6, 0]
			],
			"typeOfSection": 0,
			"gfSection": false,
			"altAnim": false,
			"mustHitSection": false,
			"changeBPM": false,
			"bpm": 165
		},
		{
			"sectionBeats": 4,
			"sectionNotes": [
				[54545.4545454546, 7, 90.9090909090909],
				[54727.2727272728, 6, 90.9090909090909],
				[54909.0909090909, 4, 90.9090909090909],
				[55090.9090909091, 5, 90.9090909090909]
			],
			"typeOfSection": 0,
			"gfSection": false,
			"altAnim": false,
			"mustHitSection": false,
			"changeBPM": false,
			"bpm": 165
		},
		{
			"sectionBeats": 4,
			"sectionNotes": [
				[55272.7272727273, 6, 90.9090909090909],
				[55636.3636363637, 4, 90.9090909090909],
				[56000, 6, 0],
				[56363.6363636364, 6, 0],
				[56545.4545454546, 7, 0]
			],
			"typeOfSection": 0,
			"gfSection": false,
			"altAnim": false,
			"mustHitSection": false,
			"changeBPM": false,
			"bpm": 165
		},
		{
			"sectionBeats": 4,
			"sectionNotes": [
				[57636.3636363637, 4, 90.9090909090909],
				[57818.1818181818, 7, 90.9090909090909],
				[58000, 6, 90.9090909090909]
			],
			"typeOfSection": 0,
			"gfSection": false,
			"altAnim": false,
			"mustHitSection": false,
			"changeBPM": false,
			"bpm": 165
		},
		{
			"sectionBeats": 4,
			"sectionNotes": [
				[58181.8181818182, 5, 0],
				[58363.6363636364, 7, 0],
				[58727.2727272728, 4, 0],
				[58909.0909090909, 6, 90.9090909090909],
				[59090.9090909091, 4, 272.727272727273],
				[59272.7272727273, 5, 90.9090909090909],
				[59454.5454545455, 7, 0]
			],
			"typeOfSection": 0,
			"gfSection": false,
			"altAnim": false,
			"mustHitSection": false,
			"changeBPM": false,
			"bpm": 165
		},
		{
			"sectionBeats": 4,
			"sectionNotes": [
				[59636.3636363637, 4, 0],
				[59818.1818181819, 6, 0],
				[60000, 4, 0],
				[60181.8181818182, 5, 0],
				[60545.4545454546, 7, 0],
				[60727.2727272728, 5, 0],
				[60909.0909090909, 6, 0]
			],
			"typeOfSection": 0,
			"gfSection": false,
			"altAnim": false,
			"mustHitSection": false,
			"changeBPM": false,
			"bpm": 165
		},
		{
			"sectionBeats": 2,
			"sectionNotes": [
				[61090.9090909091, 4, 0],
				[61272.7272727273, 5, 0],
				[61454.5454545455, 7, 0],
				[61636.3636363637, 6, 0]
			],
			"typeOfSection": 0,
			"gfSection": false,
			"altAnim": false,
			"mustHitSection": false,
			"changeBPM": false,
			"bpm": 165
		},
		{
			"sectionBeats": 5,
			"sectionNotes": [
				[61818.1818181819, 4, 0],
				[62000, 7, 0],
				[62181.8181818182, 6, 0],
				[62363.6363636364, 5, 0],
				[62545.4545454546, 2, 90.9090909090909],
				[62727.2727272728, 1, 90.9090909090909],
				[62909.0909090909, 2, 90.9090909090909],
				[63090.9090909091, 1, 90.9090909090909],
				[63454.5454545455, 3, 90.9090909090909]
			],
			"typeOfSection": 0,
			"gfSection": false,
			"altAnim": false,
			"mustHitSection": true,
			"changeBPM": false,
			"bpm": 165
		},
		{
			"sectionBeats": 4,
			"sectionNotes": [
				[63636.3636363637, 1, 0],
				[63818.1818181819, 2, 0],
				[64000, 0, 90.9090909090909],
				[64181.8181818182, 1, 0],
				[64545.4545454546, 2, 0],
				[64727.2727272728, 0, 272.727272727273],
				[64909.0909090909, 1, 90.9090909090909]
			],
			"typeOfSection": 0,
			"gfSection": false,
			"altAnim": false,
			"mustHitSection": true,
			"changeBPM": false,
			"bpm": 165
		},
		{
			"sectionBeats": 4,
			"sectionNotes": [
				[65090.9090909091, 3, 0],
				[65272.7272727273, 2, 0],
				[65454.5454545455, 3, 90.9090909090909],
				[65636.3636363637, 2, 90.9090909090909],
				[65818.1818181819, 0, 0],
				[66000, 1, 0],
				[66363.6363636364, 2, 0]
			],
			"typeOfSection": 0,
			"gfSection": false,
			"altAnim": false,
			"mustHitSection": true,
			"changeBPM": false,
			"bpm": 165
		},
		{
			"sectionBeats": 5,
			"sectionNotes": [
				[66545.4545454546, 0, 0],
				[66727.2727272727, 2, 0],
				[66909.0909090909, 3, 0],
				[67090.9090909091, 0, 0],
				[67272.7272727273, 2, 0],
				[67454.5454545455, 1, 0],
				[67636.3636363637, 3, 0],
				[67818.1818181819, 2, 0],
				[68000, 0, 0],
				[68181.8181818182, 1, 0]
			],
			"typeOfSection": 0,
			"gfSection": false,
			"altAnim": false,
			"mustHitSection": true,
			"changeBPM": false,
			"bpm": 165
		},
		{
			"sectionBeats": 4,
			"sectionNotes": [
				[68363.6363636364, 6, 90.9090909090909],
				[68545.4545454546, 5, 90.9090909090909],
				[68727.2727272728, 6, 90.9090909090909],
				[68909.0909090909, 5, 90.9090909090909],
				[69272.7272727273, 7, 90.9090909090909],
				[69454.5454545455, 5, 0],
				[69636.3636363637, 6, 0]
			],
			"typeOfSection": 0,
			"gfSection": false,
			"altAnim": false,
			"mustHitSection": false,
			"changeBPM": false,
			"bpm": 165
		},
		{
			"sectionBeats": 4,
			"sectionNotes": [
				[69909.0909090909, 4, 0],
				[70181.8181818182, 6, 90.9090909090909],
				[70363.6363636364, 4, 0],
				[70545.4545454546, 6, 90.9090909090909],
				[70727.2727272728, 7, 90.9090909090909],
				[70909.0909090909, 4, 90.9090909090909],
				[71090.9090909091, 5, 0]
			],
			"typeOfSection": 0,
			"gfSection": false,
			"altAnim": false,
			"mustHitSection": false,
			"changeBPM": false,
			"bpm": 165
		},
		{
			"sectionBeats": 4,
			"sectionNotes": [
				[71272.7272727273, 7, 90.9090909090909],
				[71454.5454545455, 6, 90.9090909090909],
				[71636.3636363637, 4, 90.9090909090909],
				[71818.1818181819, 5, 90.9090909090909],
				[72000, 7, 90.9090909090909],
				[72363.6363636364, 4, 90.9090909090909],
				[72545.4545454546, 6, 90.9090909090909]
			],
			"typeOfSection": 0,
			"gfSection": false,
			"altAnim": false,
			"mustHitSection": false,
			"changeBPM": false,
			"bpm": 165
		},
		{
			"sectionBeats": 2,
			"sectionNotes": [
				[72727.2727272728, 7, 272.727272727273],
				[73090.9090909091, 4, 0]
			],
			"typeOfSection": 0,
			"gfSection": false,
			"altAnim": false,
			"mustHitSection": false,
			"changeBPM": false,
			"bpm": 165
		},
		{
			"sectionBeats": 5,
			"sectionNotes": [
				[73454.5454545455, 5, 0],
				[73727.2727272728, 6, 0],
				[74000, 6, 0],
				[74181.8181818182, 0, 90.9090909090909, "Alt Animation"],
				[74363.6363636364, 3, 90.9090909090909, "Alt Animation"],
				[74545.4545454546, 0, 90.9090909090909],
				[74727.2727272728, 3, 90.9090909090909],
				[75090.9090909091, 2, 0, "Alt Animation"]
			],
			"typeOfSection": 0,
			"gfSection": false,
			"altAnim": false,
			"mustHitSection": true,
			"changeBPM": false,
			"bpm": 165
		},
		{
			"sectionBeats": 4,
			"sectionNotes": [
				[75272.7272727273, 1, 0, "Alt Animation"],
				[75454.5454545455, 0, 90.9090909090909, "Alt Animation"],
				[75636.3636363637, 3, 272.727272727273, "Alt Animation"],
				[76000, 2, 90.9090909090909, "Alt Animation"],
				[76181.8181818182, 0, 0, "Alt Animation"],
				[76363.6363636364, 2, 90.9090909090909, "Alt Animation"],
				[76545.4545454546, 3, 90.9090909090909, "Alt Animation"]
			],
			"typeOfSection": 0,
			"gfSection": false,
			"altAnim": false,
			"mustHitSection": true,
			"changeBPM": false,
			"bpm": 165
		},
		{
			"sectionBeats": 4,
			"sectionNotes": [
				[76727.2727272728, 0, 90.9090909090909, "Alt Animation"],
				[76909.0909090909, 1, 0, "Alt Animation"],
				[77090.9090909091, 3, 90.9090909090909, "Alt Animation"],
				[77272.7272727273, 2, 90.9090909090909, "Alt Animation"],
				[77454.5454545455, 0, 90.9090909090909, "Alt Animation"],
				[77636.3636363637, 1, 90.9090909090909, "Alt Animation"],
				[77818.1818181819, 3, 90.9090909090909, "Alt Animation"]
			],
			"typeOfSection": 0,
			"gfSection": false,
			"altAnim": false,
			"mustHitSection": true,
			"changeBPM": false,
			"bpm": 165
		},
		{
			"sectionBeats": 5,
			"sectionNotes": [
				[78181.8181818182, 0, 90.9090909090909, "Alt Animation"],
				[78363.6363636364, 2, 90.9090909090909, "Alt Animation"],
				[78545.4545454546, 3, 181.818181818182, "Alt Animation"],
				[78909.090909091, 0, 0, "Alt Animation"],
				[79272.7272727273, 1, 0, "Alt Animation"],
				[79545.4545454546, 2, 0, "Alt Animation"],
				[79818.1818181819, 2, 0, "Alt Animation"]
			],
			"typeOfSection": 0,
			"gfSection": false,
			"altAnim": false,
			"mustHitSection": true,
			"changeBPM": false,
			"bpm": 165
		},
		{
			"sectionBeats": 4,
			"sectionNotes": [
				[80000, 4, 90.9090909090909],
				[80181.8181818182, 7, 90.9090909090909],
				[80363.6363636364, 4, 90.9090909090909],
				[80545.4545454546, 7, 90.9090909090909],
				[80909.090909091, 6, 0],
				[81090.9090909091, 5, 0],
				[81272.7272727273, 4, 90.9090909090909]
			],
			"typeOfSection": 0,
			"gfSection": false,
			"altAnim": false,
			"mustHitSection": false,
			"changeBPM": false,
			"bpm": 165
		},
		{
			"sectionBeats": 4,
			"sectionNotes": [
				[81454.5454545455, 7, 90.9090909090909],
				[81727.2727272728, 6, 272.727272727273],
				[81909.090909091, 5, 90.9090909090909],
				[82181.8181818182, 7, 90.9090909090909],
				[82545.4545454546, 6, 90.9090909090909]
			],
			"typeOfSection": 0,
			"gfSection": false,
			"altAnim": false,
			"mustHitSection": false,
			"changeBPM": false,
			"bpm": 165
		},
		{
			"sectionBeats": 4,
			"sectionNotes": [
				[82909.090909091, 7, 90.9090909090909],
				[83181.8181818182, 6, 272.727272727273],
				[83363.6363636364, 5, 90.9090909090909],
				[83636.3636363637, 7, 90.9090909090909],
				[84000, 4, 90.9090909090909]
			],
			"typeOfSection": 0,
			"gfSection": false,
			"altAnim": false,
			"mustHitSection": false,
			"changeBPM": false,
			"bpm": 165
		},
		{
			"sectionBeats": 4,
			"sectionNotes": [
				[84363.6363636364, 7, 90.9090909090909],
				[84545.4545454546, 6, 0],
				[84727.2727272728, 4, 0],
				[84909.090909091, 5, 0],
				[85090.9090909091, 7, 0],
				[85272.7272727273, 6, 0],
				[85454.5454545455, 4, 0],
				[85636.3636363637, 5, 0]
			],
			"typeOfSection": 0,
			"gfSection": false,
			"altAnim": false,
			"mustHitSection": false,
			"changeBPM": false,
			"bpm": 165
		},
		{
			"sectionBeats": 1,
			"sectionNotes": [
				[85818.1818181819, 4, 0],
				[86000, 6, 0]
			],
			"typeOfSection": 0,
			"gfSection": false,
			"altAnim": false,
			"mustHitSection": false,
			"changeBPM": false,
			"bpm": 165
		},
		{
			"typeOfSection": 0,
			"sectionNotes": [
				[86181.8181818182, 5, 0],
				[86363.6363636364, 6, 0],
				[86545.4545454546, 7, 272.727272727273],
				[86909.090909091, 0, 272.727272727273],
				[87272.7272727273, 2, 181.818181818182, "Alt Animation"]
			],
			"sectionBeats": 6,
			"altAnim": false,
			"gfSection": false,
			"bpm": 165,
			"changeBPM": false,
			"mustHitSection": true
		},
		{
			"typeOfSection": 0,
			"sectionNotes": [
				[88363.6363636364, 3, 272.727272727273],
				[88727.2727272728, 2, 181.818181818182, "Alt Animation"],
				[89000.0000000001, 0, 181.818181818182],
				[89272.7272727273, 1, 90.9090909090909, "Alt Animation"],
				[89454.5454545455, 2, 181.818181818182]
			],
			"sectionBeats": 4,
			"altAnim": false,
			"gfSection": false,
			"bpm": 165,
			"changeBPM": false,
			"mustHitSection": true
		},
		{
			"typeOfSection": 0,
			"sectionNotes": [
				[89818.1818181819, 0, 90.9090909090909],
				[90181.8181818182, 2, 90.9090909090909],
				[90454.5454545455, 0, 90.9090909090909, "Alt Animation"],
				[90818.1818181819, 2, 90.9090909090909, "Alt Animation"],
				[91181.8181818182, 3, 90.9090909090909, "Alt Animation"]
			],
			"sectionBeats": 4,
			"altAnim": false,
			"gfSection": false,
			"bpm": 165,
			"changeBPM": false,
			"mustHitSection": true
		},
		{
			"typeOfSection": 0,
			"sectionNotes": [
				[91636.3636363637, 2, 181.818181818182, "Alt Animation"],
				[92000.0000000001, 3, 181.818181818182, "Alt Animation"],
				[92363.6363636364, 0, 181.818181818182, "Alt Animation"],
				[92727.2727272728, 2, 181.818181818182, "Alt Animation"]
			],
			"sectionBeats": 5,
			"altAnim": false,
			"gfSection": false,
			"bpm": 165,
			"changeBPM": false,
			"mustHitSection": true
		},
		{
			"typeOfSection": 0,
			"sectionNotes": [
				[93090.9090909091, 0, 909.090909090909, "Alt Animation"],
				[94181.8181818182, 1, 90.9090909090909, "Alt Animation"],
				[94363.6363636364, 3, 0, "Alt Animation"]
			],
			"sectionBeats": 4,
			"altAnim": false,
			"gfSection": false,
			"bpm": 165,
			"changeBPM": false,
			"mustHitSection": true
		},
		{
			"typeOfSection": 0,
			"sectionNotes": [
				[94545.4545454546, 2, 636.363636363636, "Alt Animation"],
				[95272.7272727273, 1, 545.454545454545, "Alt Animation"]
			],
			"sectionBeats": 4,
			"altAnim": false,
			"gfSection": false,
			"bpm": 165,
			"changeBPM": false,
			"mustHitSection": true
		},
		{
			"typeOfSection": 0,
			"sectionNotes": [
				[96000.0000000001, 2, 636.363636363636],
				[97090.9090909091, 3, 181.818181818182, "Alt Animation"]
			],
			"sectionBeats": 4,
			"altAnim": false,
			"gfSection": false,
			"bpm": 165,
			"changeBPM": false,
			"mustHitSection": true
		},
		{
			"typeOfSection": 0,
			"sectionNotes": [
				[97454.5454545455, 0, 545.454545454545],
				[98181.8181818182, 1, 181.818181818182, "Alt Animation"],
				[98545.4545454546, 2, 181.818181818182]
			],
			"sectionBeats": 4,
			"altAnim": false,
			"gfSection": false,
			"bpm": 165,
			"changeBPM": false,
			"mustHitSection": true
		},
		{
			"typeOfSection": 0,
			"sectionNotes": [
				[98909.090909091, 0, 818.181818181818],
				[100000, 2, 181.818181818182]
			],
			"sectionBeats": 4,
			"altAnim": false,
			"gfSection": false,
			"bpm": 165,
			"changeBPM": false,
			"mustHitSection": true
		},
		{
			"typeOfSection": 0,
			"sectionNotes": [
				[100363.636363636, 1, 454.545454545455],
				[101000, 0, 181.818181818182, "Alt Animation"],
				[101272.727272727, 3, 181.818181818182]
			],
			"sectionBeats": 4,
			"altAnim": false,
			"gfSection": false,
			"bpm": 165,
			"changeBPM": false,
			"mustHitSection": true
		},
		{
			"typeOfSection": 0,
			"sectionNotes": [
				[101818.181818182, 1, 545.454545454545],
				[102545.454545455, 2, 545.454545454545, "Alt Animation"]
			],
			"sectionBeats": 4,
			"altAnim": false,
			"gfSection": false,
			"bpm": 165,
			"changeBPM": false,
			"mustHitSection": true
		},
		{
			"typeOfSection": 0,
			"sectionNotes": [],
			"sectionBeats": 4,
			"altAnim": false,
			"gfSection": false,
			"bpm": 165,
			"changeBPM": false,
			"mustHitSection": false
		},
		{
			"typeOfSection": 0,
			"sectionNotes": [
				[104727.272727273, 4, 909.090909090909],
				[105818.181818182, 5, 90.9090909090909],
				[106000, 7, 0]
			],
			"sectionBeats": 4,
			"altAnim": false,
			"gfSection": false,
			"bpm": 165,
			"changeBPM": false,
			"mustHitSection": false
		},
		{
			"typeOfSection": 0,
			"sectionNotes": [
				[106181.818181818, 6, 636.363636363636],
				[106909.090909091, 5, 545.454545454545]
			],
			"sectionBeats": 4,
			"altAnim": false,
			"gfSection": false,
			"bpm": 165,
			"changeBPM": false,
			"mustHitSection": false
		},
		{
			"typeOfSection": 0,
			"sectionNotes": [
				[107636.363636364, 6, 636.363636363636],
				[108727.272727273, 7, 272.727272727273]
			],
			"sectionBeats": 4,
			"altAnim": false,
			"gfSection": false,
			"bpm": 165,
			"changeBPM": false,
			"mustHitSection": false
		},
		{
			"typeOfSection": 0,
			"sectionNotes": [
				[109090.909090909, 4, 545.454545454545],
				[109818.181818182, 5, 181.818181818182]
			],
			"sectionBeats": 4,
			"altAnim": false,
			"gfSection": false,
			"bpm": 165,
			"changeBPM": false,
			"mustHitSection": false
		},
		{
			"typeOfSection": 0,
			"sectionNotes": [
				[110545.454545455, 4, 818.181818181818],
				[111636.363636364, 6, 181.818181818182]
			],
			"sectionBeats": 4,
			"altAnim": false,
			"gfSection": false,
			"bpm": 165,
			"changeBPM": false,
			"mustHitSection": false
		},
		{
			"typeOfSection": 0,
			"sectionNotes": [
				[112000, 5, 454.545454545455],
				[112636.363636364, 4, 181.818181818182],
				[113000, 7, 272.727272727273]
			],
			"sectionBeats": 4,
			"altAnim": false,
			"gfSection": false,
			"bpm": 165,
			"changeBPM": false,
			"mustHitSection": false
		},
		{
			"typeOfSection": 0,
			"sectionNotes": [
				[113454.545454546, 5, 545.454545454545],
				[114090.909090909, 6, 545.454545454545]
			],
			"sectionBeats": 4,
			"altAnim": false,
			"gfSection": false,
			"bpm": 165,
			"changeBPM": false,
			"mustHitSection": false
		},
		{
			"typeOfSection": 0,
			"sectionNotes": [
				[115636.363636364, 7, 0],
				[115818.181818182, 5, 0],
				[116000, 6, 0],
				[116181.818181818, 4, 0]
			],
			"sectionBeats": 4,
			"altAnim": false,
			"gfSection": false,
			"bpm": 165,
			"changeBPM": false,
			"mustHitSection": false
		},
		{
			"typeOfSection": 0,
			"sectionNotes": [
				[116363.636363636, 7, 0],
				[116636.363636364, 6, 0],
				[117454.545454546, 4, 0],
				[117636.363636364, 7, 0]
			],
			"sectionBeats": 4,
			"altAnim": false,
			"gfSection": false,
			"bpm": 165,
			"changeBPM": false,
			"mustHitSection": false
		},
		{
			"typeOfSection": 0,
			"sectionNotes": [
				[118545.454545455, 7, 0],
				[118727.272727273, 5, 0],
				[118909.090909091, 6, 0],
				[119090.909090909, 4, 0]
			],
			"sectionBeats": 4,
			"altAnim": false,
			"gfSection": false,
			"bpm": 165,
			"changeBPM": false,
			"mustHitSection": false
		},
		{
			"typeOfSection": 0,
			"sectionNotes": [
				[119272.727272727, 7, 0],
				[119545.454545455, 6, 0],
				[120363.636363636, 4, 0],
				[120545.454545455, 7, 0]
			],
			"sectionBeats": 4,
			"altAnim": false,
			"gfSection": false,
			"bpm": 165,
			"changeBPM": false,
			"mustHitSection": false
		},
		{
			"typeOfSection": 0,
			"sectionNotes": [
				[121454.545454546, 7, 0],
				[121636.363636364, 5, 0],
				[121818.181818182, 6, 0],
				[122000, 4, 0]
			],
			"sectionBeats": 4,
			"altAnim": false,
			"gfSection": false,
			"bpm": 165,
			"changeBPM": false,
			"mustHitSection": false
		},
		{
			"typeOfSection": 0,
			"sectionNotes": [
				[122181.818181818, 7, 0],
				[122454.545454546, 6, 0],
				[123272.727272727, 4, 0],
				[123454.545454546, 7, 0]
			],
			"sectionBeats": 4,
			"altAnim": false,
			"gfSection": false,
			"bpm": 165,
			"changeBPM": false,
			"mustHitSection": false
		},
		{
			"typeOfSection": 0,
			"sectionNotes": [
				[124363.636363636, 7, 0],
				[124545.454545455, 5, 0],
				[124727.272727273, 6, 0],
				[124909.090909091, 4, 0]
			],
			"sectionBeats": 4,
			"altAnim": false,
			"gfSection": false,
			"bpm": 165,
			"changeBPM": false,
			"mustHitSection": false
		},
		{
			"typeOfSection": 0,
			"sectionNotes": [
				[125090.909090909, 7, 0],
				[125363.636363636, 6, 0],
				[126181.818181818, 4, 0],
				[126363.636363636, 7, 0]
			],
			"sectionBeats": 4,
			"altAnim": false,
			"gfSection": false,
			"bpm": 165,
			"changeBPM": false,
			"mustHitSection": false
		},
		{
			"typeOfSection": 0,
			"sectionNotes": [
				[127272.727272727, 3, 0],
				[127454.545454546, 1, 0],
				[127636.363636364, 2, 0],
				[127818.181818182, 0, 0]
			],
			"sectionBeats": 4,
			"altAnim": false,
			"gfSection": false,
			"bpm": 165,
			"changeBPM": false,
			"mustHitSection": true
		},
		{
			"typeOfSection": 0,
			"sectionNotes": [
				[128000, 3, 0],
				[128272.727272727, 2, 0],
				[128727.272727273, 2, 0],
				[129090.909090909, 0, 0],
				[129272.727272727, 3, 0]
			],
			"sectionBeats": 4,
			"altAnim": false,
			"gfSection": false,
			"bpm": 165,
			"changeBPM": false,
			"mustHitSection": true
		},
		{
			"typeOfSection": 0,
			"sectionNotes": [
				[130181.818181818, 3, 0],
				[130363.636363636, 1, 0],
				[130545.454545455, 2, 0],
				[130727.272727273, 0, 0]
			],
			"sectionBeats": 4,
			"altAnim": false,
			"gfSection": false,
			"bpm": 165,
			"changeBPM": false,
			"mustHitSection": true
		},
		{
			"typeOfSection": 0,
			"sectionNotes": [
				[130909.090909091, 3, 0],
				[131181.818181818, 2, 0],
				[131636.363636364, 2, 0],
				[132000, 0, 0],
				[132181.818181818, 3, 0]
			],
			"sectionBeats": 4,
			"altAnim": false,
			"gfSection": false,
			"bpm": 165,
			"changeBPM": false,
			"mustHitSection": true
		},
		{
			"typeOfSection": 0,
			"sectionNotes": [
				[133090.909090909, 3, 0],
				[133272.727272727, 1, 0],
				[133454.545454545, 2, 0],
				[133636.363636364, 0, 0]
			],
			"sectionBeats": 4,
			"altAnim": false,
			"gfSection": false,
			"bpm": 165,
			"changeBPM": false,
			"mustHitSection": true
		},
		{
			"typeOfSection": 0,
			"sectionNotes": [
				[133818.181818182, 3, 0],
				[134090.909090909, 2, 0],
				[134545.454545455, 2, 0],
				[134909.090909091, 0, 0],
				[135090.909090909, 3, 0]
			],
			"sectionBeats": 4,
			"altAnim": false,
			"gfSection": false,
			"bpm": 165,
			"changeBPM": false,
			"mustHitSection": true
		},
		{
			"typeOfSection": 0,
			"sectionNotes": [
				[136000, 3, 0],
				[136181.818181818, 1, 0],
				[136363.636363636, 2, 0],
				[136545.454545455, 0, 0]
			],
			"sectionBeats": 4,
			"altAnim": false,
			"gfSection": false,
			"bpm": 165,
			"changeBPM": false,
			"mustHitSection": true
		},
		{
			"typeOfSection": 0,
			"sectionNotes": [
				[136727.272727273, 3, 0],
				[137000, 2, 0],
				[137454.545454546, 2, 0],
				[137818.181818182, 0, 0],
				[138000, 3, 0]
			],
			"sectionBeats": 4,
			"altAnim": false,
			"gfSection": false,
			"bpm": 165,
			"changeBPM": false,
			"mustHitSection": true
		},
		{
			"typeOfSection": 0,
			"sectionNotes": [
				[138909.090909091, 3, 0],
				[139090.909090909, 1, 0]
			],
			"sectionBeats": 3,
			"altAnim": false,
			"gfSection": false,
			"bpm": 165,
			"changeBPM": false,
			"mustHitSection": true
		},
		{
			"typeOfSection": 0,
			"sectionNotes": [
				[139272.727272727, 2, 0],
				[139454.545454545, 0, 0]
			],
			"sectionBeats": 4,
			"altAnim": false,
			"gfSection": true,
			"bpm": 165,
			"changeBPM": false,
			"mustHitSection": false
		},
		{
			"typeOfSection": 0,
			"sectionNotes": [],
			"sectionBeats": 4,
			"altAnim": false,
			"gfSection": true,
			"bpm": 165,
			"changeBPM": false,
			"mustHitSection": false
		},
		{
			"typeOfSection": 0,
			"sectionNotes": [],
			"sectionBeats": 4,
			"altAnim": false,
			"gfSection": true,
			"bpm": 165,
			"changeBPM": false,
			"mustHitSection": false
		},
		{
			"typeOfSection": 0,
			"sectionNotes": [],
			"sectionBeats": 4,
			"altAnim": false,
			"gfSection": true,
			"bpm": 165,
			"changeBPM": false,
			"mustHitSection": false
		},
		{
			"typeOfSection": 0,
			"sectionNotes": [],
			"sectionBeats": 4,
			"altAnim": false,
			"gfSection": true,
			"bpm": 165,
			"changeBPM": false,
			"mustHitSection": false
		},
		{
			"typeOfSection": 0,
			"sectionNotes": [],
			"sectionBeats": 4,
			"altAnim": false,
			"gfSection": true,
			"bpm": 165,
			"changeBPM": false,
			"mustHitSection": false
		},
		{
			"typeOfSection": 0,
			"sectionNotes": [],
			"sectionBeats": 4,
			"altAnim": false,
			"gfSection": true,
			"bpm": 165,
			"changeBPM": false,
			"mustHitSection": false
		},
		{
			"typeOfSection": 0,
			"sectionNotes": [],
			"sectionBeats": 4,
			"altAnim": false,
			"gfSection": true,
			"bpm": 165,
			"changeBPM": false,
			"mustHitSection": false
		},
		{
			"typeOfSection": 0,
			"sectionNotes": [],
			"sectionBeats": 4,
			"altAnim": false,
			"gfSection": true,
			"bpm": 165,
			"changeBPM": false,
			"mustHitSection": false
		},
		{
			"typeOfSection": 0,
			"sectionNotes": [],
			"sectionBeats": 4,
			"altAnim": false,
			"gfSection": true,
			"bpm": 165,
			"changeBPM": false,
			"mustHitSection": false
		},
		{
			"typeOfSection": 0,
			"sectionNotes": [],
			"sectionBeats": 4,
			"altAnim": false,
			"gfSection": true,
			"bpm": 165,
			"changeBPM": false,
			"mustHitSection": false
		},
		{
			"typeOfSection": 0,
			"sectionNotes": [],
			"sectionBeats": 4,
			"altAnim": false,
			"gfSection": true,
			"bpm": 165,
			"changeBPM": false,
			"mustHitSection": false
		},
		{
			"typeOfSection": 0,
			"sectionNotes": [],
			"sectionBeats": 4,
			"altAnim": false,
			"gfSection": true,
			"bpm": 165,
			"changeBPM": false,
			"mustHitSection": false
		}
	],
	"player2": "6H",
	"player3": null,
	"disableNoteRGB": false,
	"song": "Hope",
	"stage": "qw",
	"arrowSkin": "NOTE_assets",
	"needsVoices": true,
	"validScore": true,
	"bpm": 165,
	"speed": 3.1,
	"format": "psych_v1_convert"
}