{
	"song": {
		"sectionLengths": [],
		"player1": "bf",
		"events": [
			[
				0,
				[
					[
						"123",
						"",
						"2"
					]
				]
			],
			[
				4.46428571428571,
				[
					[
						"ChangeSecondaryCharacter",
						"SQ6H",
						""
					]
				]
			],
			[
				27428.5714285714,
				[
					[
						"Zoom Camera",
						"0.8",
						"1"
					]
				]
			],
			[
				29035.7142857143,
				[
					[
						"Flash",
						"ffffff",
						"1"
					]
				]
			],
			[
				29089.2857142857,
				[
					[
						"ChangeSecondaryCharacter",
						"6H",
						"SQ6H"
					]
				]
			],
			[
				34285.7142857143,
				[
					[
						"Zoom Camera",
						"0.7",
						"1"
					]
				]
			],
			[
				41142.8571428572,
				[
					[
						"Zoom Camera",
						"0.8",
						"1"
					]
				]
			],
			[
				51428.5714285715,
				[
					[
						"Zoom Camera",
						"0.9",
						"1"
					]
				]
			],
			[
				53142.8571428572,
				[
					[
						"Zoom Camera",
						"0.8",
						"1"
					]
				]
			],
			[
				54642.8571428572,
				[
					[
						"Cinematics (With HUD)",
						"1",
						"90"
					]
				]
			],
			[
				54750,
				[
					[
						"Flash",
						"ffffff",
						"1"
					]
				]
			],
			[
				54857.1428571429,
				[
					[
						"Change Character",
						"bf",
						"bfbox2"
					]
				]
			],
			[
				67500,
				[
					[
						"Cinematics (With HUD)",
						"0.2",
						"0"
					]
				]
			],
			[
				67607.1428571429,
				[
					[
						"Flash",
						"ffffff",
						"1"
					]
				]
			],
			[
				67714.2857142858,
				[
					[
						"ChangeSecondaryCharacter",
						"SQ6H",
						"6H"
					]
				]
			],
			[
				67821.4285714286,
				[
					[
						"Change Character",
						"bf",
						"bf"
					]
				]
			],
			[
				67928.5714285715,
				[
					[
						"Zoom Camera",
						"0.7",
						"1"
					]
				]
			],
			[
				70607.1428571429,
				[
					[
						"Flash",
						"ffffff",
						"1"
					]
				]
			],
			[
				70714.2857142858,
				[
					[
						"ChangeSecondaryCharacter",
						"6H",
						"SQ6H"
					]
				]
			],
			[
				75428.5714285714,
				[
					[
						"Set Cam Zoom",
						"0.9",
						"15"
					]
				]
			],
			[
				82392.8571428571,
				[
					[
						"Cinematics (With HUD)",
						"1",
						"90"
					]
				]
			],
			[
				82500,
				[
					[
						"badapplelol2",
						"a2",
						""
					]
				]
			],
			[
				107892.857142857,
				[
					[
						"badapplelol2",
						"b",
						""
					]
				]
			],
			[
				108000,
				[
					[
						"Cinematics (With HUD)",
						"1",
						"0"
					]
				]
			],
			[
				109714.285714286,
				[
					[
						"Zoom Camera",
						"0.7",
						"1"
					]
				]
			],
			[
				136928.571428571,
				[
					[
						"Cinematics (With HUD)",
						"1",
						"90"
					]
				]
			],
			[
				137035.714285714,
				[
					[
						"Zoom Camera",
						"0.8",
						"1"
					]
				]
			],
			[
				137142.857142857,
				[
					[
						"Flash",
						"ffffff",
						"1"
					]
				]
			],
			[
				137250,
				[
					[
						"Change Character",
						"bf",
						"bfbox2"
					]
				]
			],
			[
				149035.714285714,
				[
					[
						"Cinematics (With HUD)",
						"0.2",
						"0"
					]
				]
			],
			[
				149142.857142857,
				[
					[
						"Flash",
						"ffffff",
						"1"
					]
				]
			],
			[
				149250,
				[
					[
						"ChangeSecondaryCharacter",
						"SQ6H",
						"6H"
					]
				]
			],
			[
				149357.142857143,
				[
					[
						"Change Character",
						"bf",
						"bf"
					]
				]
			],
			[
				151285.714285714,
				[
					[
						"Zoom Camera",
						"0.7",
						"1"
					]
				]
			],
			[
				153321.428571428,
				[
					[
						"Flash",
						"ffffff",
						"1"
					]
				]
			],
			[
				153428.571428571,
				[
					[
						"ChangeSecondaryCharacter",
						"6H",
						"SQ6H"
					]
				]
			],
			[
				164142.857142857,
				[
					[
						"Set Cam Zoom",
						"0.9",
						"15"
					]
				]
			],
			[
				164464.285714286,
				[
					[
						"Hide Hud",
						"1",
						""
					]
				]
			]
		],
		"gfVersion": "gf",
		"player2": "yongtai",
		"notes": [
			{
				"sectionNotes": [
					[
						0,
						2,
						214.285714285714,
						"botplayNote"
					],
					[
						321.428571428571,
						1,
						0,
						"botplayNote"
					],
					[
						535.714285714286,
						1,
						0,
						"botplayNote"
					],
					[
						642.857142857143,
						3,
						214.285714285714,
						"botplayNote"
					],
					[
						964.285714285714,
						0,
						0,
						"botplayNote"
					],
					[
						1071.42857142857,
						3,
						0,
						"botplayNote"
					],
					[
						1178.57142857143,
						1,
						0,
						"botplayNote"
					],
					[
						1392.85714285714,
						0,
						0,
						"botplayNote"
					],
					[
						1500,
						3,
						0,
						"botplayNote"
					],
					[
						1607.14285714286,
						1,
						0,
						"botplayNote"
					]
				],
				"lengthInSteps": 16,
				"typeOfSection": 0,
				"gfSection": false,
				"mustHitSection": true
			},
			{
				"sectionNotes": [
					[
						1928.57142857143,
						2,
						0,
						"botplayNote"
					],
					[
						2035.71428571429,
						0,
						0,
						"botplayNote"
					],
					[
						2250,
						3,
						0,
						"botplayNote"
					],
					[
						2357.14285714286,
						2,
						0,
						"botplayNote"
					],
					[
						2464.28571428571,
						3,
						0,
						"botplayNote"
					],
					[
						2571.42857142857,
						0,
						0,
						"botplayNote"
					],
					[
						2678.57142857143,
						2,
						0,
						"botplayNote"
					],
					[
						2785.71428571429,
						3,
						0,
						"botplayNote"
					],
					[
						2892.85714285714,
						2,
						0,
						"botplayNote"
					],
					[
						3000,
						0,
						0,
						"botplayNote"
					],
					[
						3214.28571428571,
						1,
						0,
						"botplayNote"
					]
				],
				"lengthInSteps": 16,
				"typeOfSection": 0,
				"mustHitSection": true
			},
			{
				"sectionNotes": [
					[
						3428.57142857143,
						2,
						107.142857142857,
						"botplayNote"
					],
					[
						3642.85714285714,
						0,
						0,
						"botplayNote"
					],
					[
						3750,
						3,
						0,
						"botplayNote"
					],
					[
						3964.28571428571,
						1,
						0,
						"botplayNote"
					],
					[
						4071.42857142857,
						2,
						0,
						"botplayNote"
					],
					[
						4178.57142857143,
						1,
						0,
						"botplayNote"
					],
					[
						4285.71428571429,
						3,
						214.285714285714,
						"botplayNote"
					],
					[
						4607.14285714286,
						2,
						214.285714285714,
						"botplayNote"
					],
					[
						4928.57142857143,
						1,
						0,
						"botplayNote"
					]
				],
				"lengthInSteps": 16,
				"typeOfSection": 0,
				"mustHitSection": true
			},
			{
				"sectionNotes": [
					[
						5142.85714285714,
						0,
						107.142857142857,
						"botplayNote"
					],
					[
						5357.14285714286,
						1,
						0,
						"botplayNote"
					],
					[
						5464.28571428571,
						0,
						0,
						"botplayNote"
					],
					[
						5678.57142857143,
						1,
						0,
						"botplayNote"
					],
					[
						5785.71428571429,
						3,
						0,
						"botplayNote"
					],
					[
						5892.85714285714,
						1,
						0,
						"botplayNote"
					],
					[
						6000,
						2,
						214.285714285714,
						"botplayNote"
					],
					[
						6321.42857142857,
						0,
						214.285714285714,
						"botplayNote"
					],
					[
						6642.85714285714,
						1,
						107.142857142857,
						"botplayNote"
					]
				],
				"lengthInSteps": 16,
				"typeOfSection": 0,
				"mustHitSection": true
			},
			{
				"sectionNotes": [
					[
						6857.14285714286,
						2,
						214.285714285714,
						"6H"
					],
					[
						7178.57142857143,
						1,
						0,
						"6H"
					],
					[
						7392.85714285714,
						1,
						0,
						"6H"
					],
					[
						7500,
						3,
						214.285714285714,
						"6H"
					],
					[
						7607.14285714286,
						2,
						107.142857142857,
						"6H"
					],
					[
						7821.42857142857,
						0,
						0,
						"6H"
					],
					[
						8035.71428571429,
						1,
						0,
						"6H"
					],
					[
						8142.85714285714,
						3,
						0,
						"6H"
					],
					[
						8250,
						2,
						0,
						"6H"
					],
					[
						8357.14285714286,
						0,
						0,
						"6H"
					],
					[
						8464.28571428571,
						1,
						0,
						"6H"
					]
				],
				"lengthInSteps": 16,
				"typeOfSection": 0,
				"mustHitSection": false
			},
			{
				"sectionNotes": [
					[
						8785.71428571428,
						2,
						0,
						"6H"
					],
					[
						8892.85714285714,
						0,
						0,
						"6H"
					],
					[
						9107.14285714286,
						0,
						0,
						"6H"
					],
					[
						9214.28571428571,
						2,
						0,
						"6H"
					],
					[
						9321.42857142857,
						1,
						0,
						"6H"
					],
					[
						9428.57142857143,
						3,
						0,
						"6H"
					],
					[
						9535.71428571428,
						1,
						0,
						"6H"
					],
					[
						9642.85714285714,
						2,
						0,
						"6H"
					],
					[
						9857.14285714286,
						0,
						0,
						"6H"
					],
					[
						10071.4285714286,
						1,
						0,
						"6H"
					]
				],
				"lengthInSteps": 16,
				"typeOfSection": 0,
				"mustHitSection": false
			},
			{
				"sectionNotes": [
					[
						10285.7142857143,
						2,
						107.142857142857,
						"6H"
					],
					[
						10500,
						0,
						0,
						"6H"
					],
					[
						10607.1428571429,
						3,
						0,
						"6H"
					],
					[
						10821.4285714286,
						1,
						0,
						"6H"
					],
					[
						10928.5714285714,
						2,
						0,
						"6H"
					],
					[
						11035.7142857143,
						0,
						0,
						"6H"
					],
					[
						11142.8571428571,
						3,
						214.285714285714,
						"6H"
					],
					[
						11464.2857142857,
						2,
						214.285714285714,
						"6H"
					],
					[
						11785.7142857143,
						1,
						0,
						"6H"
					]
				],
				"lengthInSteps": 16,
				"typeOfSection": 0,
				"mustHitSection": false
			},
			{
				"sectionNotes": [
					[
						12000,
						0,
						107.142857142857,
						"6H"
					],
					[
						12214.2857142857,
						1,
						0,
						"6H"
					],
					[
						12321.4285714286,
						0,
						0,
						"6H"
					],
					[
						12535.7142857143,
						1,
						0,
						"6H"
					],
					[
						12642.8571428571,
						2,
						0,
						"6H"
					],
					[
						12750,
						0,
						0,
						"6H"
					],
					[
						12857.1428571429,
						2,
						214.285714285714,
						"6H"
					],
					[
						13178.5714285714,
						0,
						214.285714285714,
						"6H"
					],
					[
						13500,
						1,
						0,
						"6H"
					],
					[
						13607.1428571429,
						2,
						0,
						"6H"
					]
				],
				"lengthInSteps": 16,
				"typeOfSection": 0,
				"mustHitSection": false
			},
			{
				"sectionNotes": [
					[
						13928.5714285714,
						2,
						0
					],
					[
						14035.7142857143,
						1,
						0
					],
					[
						14250,
						3,
						0
					],
					[
						14357.1428571429,
						2,
						107.142857142857
					],
					[
						14571.4285714286,
						0,
						0
					],
					[
						14785.7142857143,
						0,
						0
					],
					[
						14892.8571428571,
						2,
						0
					],
					[
						15214.2857142857,
						1,
						214.285714285714
					]
				],
				"lengthInSteps": 16,
				"typeOfSection": 0,
				"mustHitSection": false
			},
			{
				"sectionNotes": [
					[
						15642.8571428571,
						2,
						107.142857142857
					],
					[
						15857.1428571429,
						0,
						107.142857142857
					],
					[
						16071.4285714286,
						3,
						107.142857142857
					],
					[
						16392.8571428571,
						2,
						0
					],
					[
						16607.1428571429,
						0,
						0
					],
					[
						16714.2857142857,
						2,
						0
					],
					[
						16928.5714285714,
						3,
						0
					]
				],
				"lengthInSteps": 16,
				"typeOfSection": 0,
				"mustHitSection": false
			},
			{
				"sectionNotes": [
					[
						17142.8571428571,
						2,
						107.142857142857
					],
					[
						17357.1428571429,
						1,
						0
					],
					[
						17678.5714285714,
						0,
						0
					],
					[
						17785.7142857143,
						3,
						0
					],
					[
						17892.8571428571,
						0,
						0
					],
					[
						18000,
						3,
						0
					],
					[
						18107.1428571429,
						2,
						107.142857142857
					],
					[
						18321.4285714286,
						1,
						107.142857142857
					],
					[
						18642.8571428571,
						3,
						107.142857142857
					],
					[
						17464.2857142857,
						3,
						0
					]
				],
				"lengthInSteps": 16,
				"typeOfSection": 0,
				"mustHitSection": false
			},
			{
				"sectionNotes": [
					[
						18857.1428571429,
						2,
						107.142857142857
					],
					[
						19071.4285714286,
						1,
						0
					],
					[
						19178.5714285714,
						2,
						0
					],
					[
						19392.8571428571,
						0,
						0
					],
					[
						19500,
						3,
						0
					],
					[
						19607.1428571429,
						1,
						0
					],
					[
						19714.2857142857,
						2,
						107.142857142857
					],
					[
						20035.7142857143,
						1,
						0
					],
					[
						20357.1428571429,
						2,
						0
					]
				],
				"lengthInSteps": 16,
				"typeOfSection": 0,
				"mustHitSection": false
			},
			{
				"sectionNotes": [
					[
						20785.7142857143,
						2,
						0,
						"botplayNote"
					],
					[
						20892.8571428571,
						1,
						0,
						"botplayNote"
					],
					[
						21107.1428571429,
						3,
						0,
						"botplayNote"
					],
					[
						21214.2857142857,
						2,
						107.142857142857,
						"botplayNote"
					],
					[
						21428.5714285714,
						0,
						0,
						"botplayNote"
					],
					[
						21642.8571428571,
						3,
						0,
						"botplayNote"
					],
					[
						21750,
						2,
						0,
						"botplayNote"
					],
					[
						22071.4285714286,
						1,
						214.285714285714,
						"botplayNote"
					]
				],
				"lengthInSteps": 16,
				"typeOfSection": 0,
				"mustHitSection": true
			},
			{
				"sectionNotes": [
					[
						22500,
						2,
						107.142857142857,
						"botplayNote"
					],
					[
						22714.2857142857,
						0,
						107.142857142857,
						"botplayNote"
					],
					[
						22928.5714285714,
						3,
						107.142857142857,
						"botplayNote"
					],
					[
						23250,
						2,
						0,
						"botplayNote"
					],
					[
						23464.2857142857,
						0,
						0,
						"botplayNote"
					],
					[
						23571.4285714286,
						2,
						0,
						"botplayNote"
					],
					[
						23785.7142857143,
						1,
						0,
						"botplayNote"
					]
				],
				"lengthInSteps": 16,
				"typeOfSection": 0,
				"mustHitSection": true
			},
			{
				"sectionNotes": [
					[
						24000,
						2,
						107.142857142857,
						"botplayNote"
					],
					[
						24214.2857142857,
						0,
						0,
						"botplayNote"
					],
					[
						24321.4285714286,
						3,
						0,
						"botplayNote"
					],
					[
						24535.7142857143,
						0,
						0,
						"botplayNote"
					],
					[
						24642.8571428571,
						3,
						0,
						"botplayNote"
					],
					[
						24750,
						1,
						0,
						"botplayNote"
					],
					[
						24857.1428571429,
						2,
						107.142857142857,
						"botplayNote"
					],
					[
						25178.5714285714,
						1,
						0,
						"botplayNote"
					],
					[
						25500,
						3,
						0,
						"botplayNote"
					]
				],
				"lengthInSteps": 16,
				"typeOfSection": 0,
				"mustHitSection": true
			},
			{
				"sectionNotes": [
					[
						27214.2857142857,
						6,
						107.142857142857,
						"6H"
					],
					[
						27000,
						7,
						107.142857142857,
						"6H"
					],
					[
						26785.7142857143,
						5,
						107.142857142857,
						"6H"
					],
					[
						26571.4285714286,
						6,
						107.142857142857,
						"6H"
					],
					[
						25714.2857142857,
						0,
						0,
						"botplayNote"
					],
					[
						25928.5714285714,
						1,
						0,
						"botplayNote"
					],
					[
						26035.7142857143,
						2,
						0,
						"botplayNote"
					],
					[
						26250,
						0,
						0,
						"botplayNote"
					],
					[
						26357.1428571429,
						3,
						0,
						"botplayNote"
					],
					[
						26464.2857142857,
						1,
						0,
						"botplayNote"
					],
					[
						26571.4285714286,
						2,
						107.142857142857,
						"botplayNote"
					],
					[
						26892.8571428571,
						1,
						0,
						"botplayNote"
					],
					[
						27214.2857142857,
						2,
						0,
						"botplayNote"
					]
				],
				"lengthInSteps": 16,
				"typeOfSection": 0,
				"mustHitSection": true
			},
			{
				"sectionNotes": [
					[
						28071.4285714286,
						3,
						107.142857142857,
						"6H"
					],
					[
						28178.5714285714,
						2,
						0,
						"6H"
					],
					[
						28392.8571428571,
						2,
						0,
						"6H"
					],
					[
						28500,
						1,
						0,
						"6H"
					],
					[
						28607.1428571429,
						3,
						0,
						"6H"
					],
					[
						28821.4285714286,
						3,
						0,
						"6H"
					],
					[
						28928.5714285714,
						3,
						0,
						"6H"
					],
					[
						29035.7142857143,
						2,
						0,
						"6H"
					],
					[
						27642.8571428571,
						1,
						0,
						"6H"
					],
					[
						27750,
						3,
						0,
						"6H"
					],
					[
						27964.2857142857,
						0,
						0,
						"6H"
					],
					[
						27428.5714285714,
						0,
						107.142857142857,
						"6H"
					]
				],
				"lengthInSteps": 16,
				"typeOfSection": 0,
				"mustHitSection": false
			},
			{
				"sectionNotes": [
					[
						29142.8571428571,
						0,
						0,
						"6H"
					],
					[
						29250,
						3,
						0,
						"6H"
					],
					[
						29464.2857142857,
						1,
						214.285714285714,
						"6H"
					],
					[
						29571.4285714286,
						2,
						107.142857142857,
						"6H"
					],
					[
						29785.7142857143,
						3,
						0,
						"6H"
					],
					[
						29892.8571428571,
						2,
						0,
						"6H"
					],
					[
						30000,
						0,
						0,
						"6H"
					],
					[
						30107.1428571429,
						1,
						0,
						"6H"
					],
					[
						30214.2857142857,
						3,
						0,
						"6H"
					],
					[
						30428.5714285714,
						2,
						0,
						"6H"
					],
					[
						30642.8571428571,
						0,
						0,
						"6H"
					]
				],
				"lengthInSteps": 16,
				"typeOfSection": 0,
				"mustHitSection": false
			},
			{
				"sectionNotes": [
					[
						30857.1428571429,
						1,
						0,
						"6H"
					],
					[
						30964.2857142857,
						2,
						0,
						"6H"
					],
					[
						31178.5714285714,
						2,
						0,
						"6H"
					],
					[
						31392.8571428571,
						0,
						0,
						"6H"
					],
					[
						31500,
						1,
						0,
						"6H"
					],
					[
						31607.1428571429,
						3,
						107.142857142857,
						"6H"
					],
					[
						31821.4285714286,
						2,
						107.142857142857,
						"6H"
					],
					[
						32142.8571428571,
						1,
						107.142857142857,
						"6H"
					],
					[
						32357.1428571429,
						2,
						107.142857142857,
						"6H"
					]
				],
				"lengthInSteps": 16,
				"typeOfSection": 0,
				"sectionBeats": 4,
				"mustHitSection": false
			},
			{
				"sectionNotes": [
					[
						32571.4285714286,
						0,
						0,
						"6H"
					],
					[
						32678.5714285714,
						1,
						0,
						"6H"
					],
					[
						32892.8571428571,
						3,
						0,
						"6H"
					],
					[
						33107.1428571428,
						2,
						0,
						"6H"
					],
					[
						33214.2857142857,
						1,
						0,
						"6H"
					],
					[
						33321.4285714286,
						3,
						107.142857142857,
						"6H"
					],
					[
						33535.7142857143,
						2,
						0,
						"6H"
					],
					[
						33857.1428571428,
						1,
						0,
						"6H"
					],
					[
						33964.2857142857,
						2,
						0,
						"6H"
					],
					[
						34071.4285714286,
						0,
						0,
						"6H"
					]
				],
				"lengthInSteps": 16,
				"typeOfSection": 0,
				"mustHitSection": false
			},
			{
				"sectionNotes": [
					[
						34285.7142857143,
						7,
						428.571428571429,
						"6H"
					],
					[
						34928.5714285714,
						5,
						107.142857142857,
						"6H"
					],
					[
						35142.8571428571,
						6,
						321.428571428571,
						"6H"
					],
					[
						35571.4285714286,
						4,
						321.428571428571,
						"6H"
					],
					[
						34285.7142857143,
						0,
						214.285714285714,
						"botplayNote"
					],
					[
						34607.1428571429,
						1,
						0,
						"botplayNote"
					],
					[
						34821.4285714286,
						3,
						0,
						"botplayNote"
					],
					[
						34928.5714285714,
						1,
						0,
						"botplayNote"
					],
					[
						35142.8571428571,
						0,
						0,
						"botplayNote"
					],
					[
						35357.1428571429,
						3,
						0,
						"botplayNote"
					],
					[
						35464.2857142857,
						2,
						0,
						"botplayNote"
					],
					[
						35571.4285714286,
						0,
						0,
						"botplayNote"
					],
					[
						35678.5714285714,
						3,
						0,
						"botplayNote"
					],
					[
						35785.7142857143,
						3,
						0,
						"botplayNote"
					],
					[
						35892.8571428571,
						0,
						0,
						"botplayNote"
					]
				],
				"lengthInSteps": 16,
				"typeOfSection": 0,
				"mustHitSection": true
			},
			{
				"sectionNotes": [
					[
						36857.1428571429,
						6,
						321.428571428571,
						"6H"
					],
					[
						36000,
						5,
						428.571428571429,
						"6H"
					],
					[
						36642.8571428571,
						7,
						107.142857142857,
						"6H"
					],
					[
						37285.7142857143,
						4,
						0,
						"6H"
					],
					[
						37500,
						4,
						0,
						"6H"
					],
					[
						36000,
						2,
						0,
						"botplayNote"
					],
					[
						36321.4285714286,
						0,
						0,
						"botplayNote"
					],
					[
						36428.5714285714,
						1,
						0,
						"botplayNote"
					],
					[
						36535.7142857143,
						3,
						0,
						"botplayNote"
					],
					[
						36642.8571428571,
						2,
						0,
						"botplayNote"
					],
					[
						36750,
						0,
						0,
						"botplayNote"
					],
					[
						36857.1428571429,
						3,
						0,
						"botplayNote"
					],
					[
						36964.2857142857,
						1,
						0,
						"botplayNote"
					],
					[
						37071.4285714286,
						0,
						0,
						"botplayNote"
					],
					[
						37285.7142857143,
						1,
						0,
						"botplayNote"
					],
					[
						37500,
						2,
						107.142857142857,
						"botplayNote"
					]
				],
				"lengthInSteps": 16,
				"typeOfSection": 0,
				"mustHitSection": true
			},
			{
				"sectionNotes": [
					[
						38571.4285714286,
						2,
						321.428571428571,
						"6H"
					],
					[
						37714.2857142857,
						1,
						428.571428571429,
						"6H"
					],
					[
						38357.1428571429,
						3,
						107.142857142857,
						"6H"
					],
					[
						39000,
						0,
						0,
						"6H"
					],
					[
						39214.2857142857,
						0,
						0,
						"6H"
					],
					[
						37714.2857142857,
						4,
						0,
						"botplayNote"
					],
					[
						37821.4285714286,
						6,
						0,
						"botplayNote"
					],
					[
						37928.5714285714,
						4,
						0,
						"botplayNote"
					],
					[
						38035.7142857143,
						7,
						0,
						"botplayNote"
					],
					[
						38142.8571428571,
						6,
						0,
						"botplayNote"
					],
					[
						38250,
						7,
						0,
						"botplayNote"
					],
					[
						38357.1428571429,
						4,
						107.142857142857,
						"botplayNote"
					],
					[
						38678.5714285714,
						5,
						107.142857142857,
						"botplayNote"
					],
					[
						39000,
						6,
						107.142857142857,
						"botplayNote"
					],
					[
						39214.2857142857,
						5,
						107.142857142857,
						"botplayNote"
					]
				],
				"lengthInSteps": 16,
				"typeOfSection": 0,
				"mustHitSection": false
			},
			{
				"sectionNotes": [
					[
						39428.5714285714,
						5,
						428.571428571429,
						"6H"
					],
					[
						39964.2857142857,
						6,
						107.142857142857,
						"6H"
					],
					[
						40178.5714285714,
						5,
						0,
						"6H"
					],
					[
						40392.8571428572,
						6,
						107.142857142857,
						"6H"
					],
					[
						40607.1428571429,
						4,
						0,
						"6H"
					],
					[
						40714.2857142857,
						7,
						107.142857142857,
						"6H"
					],
					[
						40928.5714285714,
						6,
						0,
						"6H"
					],
					[
						39428.5714285714,
						3,
						0,
						"botplayNote"
					],
					[
						39535.7142857143,
						1,
						0,
						"botplayNote"
					],
					[
						39857.1428571429,
						2,
						0,
						"botplayNote"
					],
					[
						39964.2857142857,
						3,
						0,
						"botplayNote"
					],
					[
						39750,
						0,
						0,
						"botplayNote"
					],
					[
						40071.4285714286,
						0,
						214.285714285714,
						"botplayNote"
					],
					[
						40392.8571428572,
						2,
						0,
						"botplayNote"
					],
					[
						40714.2857142857,
						1,
						0,
						"botplayNote"
					],
					[
						40928.5714285714,
						3,
						0,
						"botplayNote"
					]
				],
				"lengthInSteps": 16,
				"typeOfSection": 0,
				"mustHitSection": true
			},
			{
				"sectionNotes": [
					[
						41357.1428571429,
						2,
						0
					],
					[
						41464.2857142857,
						1,
						0
					],
					[
						41678.5714285714,
						2,
						0
					],
					[
						41785.7142857143,
						3,
						0
					],
					[
						41892.8571428572,
						0,
						107.142857142857
					],
					[
						42107.1428571429,
						2,
						0
					],
					[
						42321.4285714286,
						2,
						0
					],
					[
						42428.5714285714,
						1,
						107.142857142857
					]
				],
				"lengthInSteps": 16,
				"typeOfSection": 0,
				"mustHitSection": false
			},
			{
				"sectionNotes": [
					[
						42857.1428571429,
						3,
						0
					],
					[
						43071.4285714286,
						2,
						0
					],
					[
						43285.7142857143,
						0,
						0
					],
					[
						43500,
						1,
						0
					],
					[
						43821.4285714286,
						3,
						0
					],
					[
						44035.7142857143,
						2,
						0
					],
					[
						44142.8571428572,
						1,
						0
					]
				],
				"lengthInSteps": 16,
				"typeOfSection": 0,
				"mustHitSection": false
			},
			{
				"sectionNotes": [
					[
						44571.4285714286,
						2,
						107.142857142857
					],
					[
						44892.8571428572,
						1,
						0
					],
					[
						45107.1428571429,
						1,
						0
					],
					[
						45214.2857142857,
						3,
						0
					],
					[
						45428.5714285714,
						2,
						214.285714285714
					],
					[
						45321.4285714286,
						0,
						0
					]
				],
				"lengthInSteps": 16,
				"typeOfSection": 0,
				"sectionBeats": 4,
				"mustHitSection": false
			},
			{
				"typeOfSection": 0,
				"sectionNotes": [
					[
						46285.7142857143,
						0,
						107.142857142857
					],
					[
						46607.1428571429,
						1,
						0
					],
					[
						46821.4285714286,
						1,
						0
					],
					[
						46928.5714285714,
						3,
						0
					],
					[
						47035.7142857143,
						2,
						0
					],
					[
						47142.8571428572,
						0,
						107.142857142857
					],
					[
						47357.1428571429,
						1,
						0
					],
					[
						47571.4285714286,
						3,
						107.142857142857
					],
					[
						47785.7142857143,
						2,
						0
					],
					[
						47892.8571428572,
						1,
						0
					]
				],
				"lengthInSteps": 16,
				"bpm": 100,
				"changeBPM": false,
				"mustHitSection": false
			},
			{
				"lengthInSteps": 16,
				"typeOfSection": 0,
				"sectionNotes": [
					[
						48214.2857142857,
						2,
						0,
						"botplayNote"
					],
					[
						48321.4285714286,
						1,
						0,
						"botplayNote"
					],
					[
						48535.7142857143,
						2,
						0,
						"botplayNote"
					],
					[
						48642.8571428572,
						0,
						107.142857142857,
						"botplayNote"
					],
					[
						48857.1428571429,
						2,
						0,
						"botplayNote"
					],
					[
						49071.4285714286,
						2,
						0,
						"botplayNote"
					],
					[
						49178.5714285714,
						2,
						0,
						"botplayNote"
					],
					[
						49285.7142857143,
						0,
						107.142857142857,
						"botplayNote"
					]
				],
				"altAnim": false,
				"gfSection": false,
				"bpm": 100,
				"changeBPM": false,
				"mustHitSection": true
			},
			{
				"lengthInSteps": 16,
				"typeOfSection": 0,
				"sectionNotes": [
					[
						49714.2857142857,
						3,
						0,
						"botplayNote"
					],
					[
						49928.5714285715,
						2,
						0,
						"botplayNote"
					],
					[
						50142.8571428572,
						0,
						0,
						"botplayNote"
					],
					[
						50357.1428571429,
						1,
						0,
						"botplayNote"
					],
					[
						50678.5714285715,
						3,
						0,
						"botplayNote"
					],
					[
						50892.8571428572,
						2,
						0,
						"botplayNote"
					],
					[
						51000,
						3,
						0,
						"botplayNote"
					],
					[
						51107.1428571429,
						0,
						0,
						"botplayNote"
					]
				],
				"altAnim": false,
				"gfSection": false,
				"bpm": 100,
				"changeBPM": false,
				"mustHitSection": true
			},
			{
				"lengthInSteps": 16,
				"typeOfSection": 0,
				"sectionNotes": [
					[
						51428.5714285715,
						2,
						107.142857142857,
						"botplayNote"
					],
					[
						51750,
						1,
						0,
						"botplayNote"
					],
					[
						51857.1428571429,
						2,
						0,
						"botplayNote"
					],
					[
						52071.4285714286,
						3,
						0,
						"botplayNote"
					],
					[
						51964.2857142857,
						0,
						0,
						"botplayNote"
					],
					[
						52178.5714285715,
						0,
						0,
						"botplayNote"
					],
					[
						52285.7142857143,
						3,
						214.285714285714,
						"botplayNote"
					]
				],
				"altAnim": false,
				"gfSection": false,
				"bpm": 100,
				"changeBPM": false,
				"mustHitSection": true
			},
			{
				"sectionBeats": 4,
				"sectionNotes": [
					[
						53142.8571428572,
						2,
						107.142857142857,
						"botplayNote"
					],
					[
						53464.2857142857,
						1,
						0,
						"botplayNote"
					],
					[
						53571.4285714286,
						2,
						0,
						"botplayNote"
					],
					[
						53678.5714285715,
						0,
						0,
						"botplayNote"
					],
					[
						53785.7142857143,
						3,
						0,
						"botplayNote"
					],
					[
						53892.8571428572,
						0,
						0,
						"botplayNote"
					],
					[
						54000,
						3,
						0,
						"botplayNote"
					],
					[
						54214.2857142857,
						2,
						107.142857142857,
						"botplayNote"
					],
					[
						54321.4285714286,
						1,
						107.142857142857,
						"botplayNote"
					],
					[
						54535.7142857143,
						3,
						0,
						"botplayNote"
					],
					[
						54750,
						2,
						0,
						"botplayNote"
					]
				],
				"typeOfSection": 0,
				"gfSection": false,
				"altAnim": false,
				"mustHitSection": true,
				"changeBPM": false,
				"bpm": 100
			},
			{
				"sectionBeats": 1,
				"sectionNotes": [
					[
						54857.1428571429,
						6,
						0
					],
					[
						54857.1428571429,
						1,
						0,
						"botplayNote"
					]
				],
				"typeOfSection": 0,
				"gfSection": false,
				"altAnim": false,
				"mustHitSection": true,
				"changeBPM": false,
				"bpm": 107
			},
			{
				"sectionBeats": 4,
				"sectionNotes": [
					[
						55285.7142857143,
						3,
						0,
						"botplayNote"
					],
					[
						55392.8571428572,
						0,
						0,
						"botplayNote"
					],
					[
						55500,
						3,
						0,
						"botplayNote"
					],
					[
						55607.1428571429,
						0,
						0,
						"botplayNote"
					],
					[
						55928.5714285715,
						2,
						0,
						"botplayNote"
					],
					[
						56892.8571428572,
						1,
						0,
						"botplayNote"
					]
				],
				"typeOfSection": 0,
				"gfSection": false,
				"altAnim": false,
				"mustHitSection": true,
				"changeBPM": false,
				"bpm": 107
			},
			{
				"typeOfSection": 0,
				"sectionNotes": [
					[
						57000,
						1,
						0,
						"botplayNote"
					],
					[
						57214.2857142858,
						2,
						0,
						"botplayNote"
					]
				],
				"sectionBeats": 1,
				"altAnim": false,
				"gfSection": false,
				"bpm": 107,
				"changeBPM": false,
				"mustHitSection": true
			},
			{
				"typeOfSection": 0,
				"sectionNotes": [
					[
						57642.8571428572,
						2,
						107.142857142857,
						"botplayNote"
					],
					[
						57857.1428571429,
						1,
						321.428571428571,
						"botplayNote"
					]
				],
				"sectionBeats": 2,
				"altAnim": false,
				"gfSection": true,
				"bpm": 107,
				"changeBPM": false,
				"mustHitSection": true
			},
			{
				"typeOfSection": 0,
				"sectionNotes": [
					[
						58714.2857142857,
						0,
						0
					],
					[
						58821.4285714286,
						1,
						0
					],
					[
						59142.8571428572,
						3,
						0
					],
					[
						59250,
						2,
						0
					],
					[
						59357.1428571429,
						3,
						0
					],
					[
						59571.4285714286,
						2,
						0
					],
					[
						59785.7142857143,
						1,
						0
					],
					[
						58392.8571428572,
						2,
						0
					],
					[
						58500,
						3,
						0
					]
				],
				"sectionBeats": 4,
				"altAnim": false,
				"gfSection": false,
				"bpm": 107,
				"changeBPM": false,
				"mustHitSection": false
			},
			{
				"typeOfSection": 0,
				"sectionNotes": [
					[
						60000,
						3,
						0
					],
					[
						60214.2857142858,
						2,
						0
					],
					[
						60428.5714285715,
						0,
						0
					],
					[
						60642.8571428572,
						1,
						0
					],
					[
						60857.1428571429,
						2,
						0
					],
					[
						60964.2857142858,
						3,
						0
					],
					[
						61071.4285714286,
						1,
						0
					],
					[
						61285.7142857143,
						2,
						0
					],
					[
						61392.8571428572,
						1,
						0
					],
					[
						61500,
						3,
						0
					]
				],
				"sectionBeats": 4,
				"altAnim": false,
				"gfSection": false,
				"bpm": 107,
				"changeBPM": false,
				"mustHitSection": false
			},
			{
				"sectionBeats": 4,
				"sectionNotes": [
					[
						62142.8571428572,
						3,
						0,
						"botplayNote"
					],
					[
						62250,
						0,
						0,
						"botplayNote"
					],
					[
						62357.1428571429,
						3,
						0,
						"botplayNote"
					],
					[
						62464.2857142858,
						0,
						0,
						"botplayNote"
					],
					[
						62785.7142857143,
						2,
						0,
						"botplayNote"
					]
				],
				"typeOfSection": 0,
				"gfSection": false,
				"altAnim": false,
				"mustHitSection": true,
				"changeBPM": false,
				"bpm": 107
			},
			{
				"sectionBeats": 2,
				"sectionNotes": [
					[
						63750,
						2,
						0,
						"botplayNote"
					],
					[
						63857.1428571429,
						2,
						0,
						"botplayNote"
					],
					[
						64071.4285714286,
						1,
						0,
						"botplayNote"
					]
				],
				"typeOfSection": 0,
				"gfSection": false,
				"altAnim": false,
				"mustHitSection": true,
				"changeBPM": false,
				"bpm": 107
			},
			{
				"sectionBeats": 2,
				"sectionNotes": [
					[
						64500,
						2,
						107.142857142857,
						"botplayNote"
					],
					[
						64714.2857142858,
						1,
						321.428571428571,
						"botplayNote"
					]
				],
				"typeOfSection": 0,
				"gfSection": true,
				"altAnim": false,
				"mustHitSection": true,
				"changeBPM": false,
				"bpm": 107
			},
			{
				"typeOfSection": 0,
				"sectionNotes": [
					[
						65142.8571428572,
						3,
						0
					],
					[
						65357.1428571429,
						2,
						0
					],
					[
						65571.4285714286,
						0,
						0
					],
					[
						65785.7142857143,
						1,
						0
					],
					[
						66000,
						2,
						0
					],
					[
						66107.1428571429,
						1,
						0
					],
					[
						66214.2857142858,
						3,
						0
					],
					[
						66428.5714285715,
						2,
						0
					],
					[
						66642.8571428572,
						1,
						0
					]
				],
				"sectionBeats": 4,
				"altAnim": false,
				"gfSection": false,
				"bpm": 107,
				"changeBPM": false,
				"mustHitSection": false
			},
			{
				"typeOfSection": 0,
				"sectionNotes": [
					[
						66857.1428571429,
						2,
						0
					],
					[
						67071.4285714286,
						0,
						0
					],
					[
						67285.7142857143,
						3,
						0
					],
					[
						67500,
						2,
						0
					],
					[
						67714.2857142858,
						2,
						107.142857142857,
						"6H"
					],
					[
						67928.5714285715,
						1,
						107.142857142857,
						"6H"
					],
					[
						68142.8571428572,
						3,
						107.142857142857,
						"6H"
					],
					[
						68357.1428571429,
						2,
						107.142857142857,
						"6H"
					],
					[
						67714.2857142858,
						0,
						0
					],
					[
						67821.4285714286,
						3,
						0
					],
					[
						67928.5714285715,
						2,
						0
					],
					[
						68035.7142857143,
						0,
						0
					],
					[
						68142.8571428572,
						1,
						0
					],
					[
						68250,
						0,
						0
					],
					[
						68357.1428571429,
						3,
						0
					],
					[
						68464.2857142858,
						1,
						0
					]
				],
				"sectionBeats": 4,
				"altAnim": false,
				"gfSection": false,
				"bpm": 107,
				"changeBPM": false,
				"mustHitSection": false
			},
			{
				"typeOfSection": 0,
				"sectionNotes": [
					[
						69214.2857142858,
						1,
						0,
						"6H"
					],
					[
						69107.1428571429,
						0,
						0,
						"6H"
					],
					[
						69321.4285714286,
						3,
						107.142857142857,
						"6H"
					],
					[
						69964.2857142858,
						0,
						0,
						"6H"
					],
					[
						70071.4285714286,
						0,
						0,
						"6H"
					],
					[
						69535.7142857143,
						2,
						0
					],
					[
						69750,
						2,
						0
					],
					[
						69857.1428571429,
						1,
						0
					],
					[
						69964.2857142858,
						3,
						214.285714285714
					],
					[
						70178.5714285715,
						1,
						0,
						"6H"
					]
				],
				"sectionBeats": 4,
				"altAnim": false,
				"gfSection": false,
				"bpm": 107,
				"changeBPM": false,
				"mustHitSection": false
			},
			{
				"typeOfSection": 0,
				"sectionNotes": [
					[
						70714.2857142858,
						2,
						0
					],
					[
						70928.5714285715,
						1,
						0
					],
					[
						71142.8571428572,
						2,
						0
					],
					[
						71250,
						1,
						0
					],
					[
						71357.1428571429,
						3,
						0
					],
					[
						71464.2857142858,
						2,
						0
					],
					[
						71571.4285714286,
						0,
						107.142857142857
					],
					[
						71142.8571428572,
						3,
						0,
						"6H"
					],
					[
						71250,
						0,
						0,
						"6H"
					],
					[
						71357.1428571429,
						2,
						0,
						"6H"
					],
					[
						71464.2857142858,
						1,
						0,
						"6H"
					],
					[
						71571.4285714286,
						3,
						107.142857142857,
						"6H"
					],
					[
						71785.7142857143,
						2,
						107.142857142857,
						"6H"
					]
				],
				"sectionBeats": 4,
				"altAnim": false,
				"gfSection": false,
				"bpm": 107,
				"changeBPM": false,
				"mustHitSection": false
			},
			{
				"typeOfSection": 0,
				"sectionNotes": [
					[
						72535.7142857143,
						0,
						0,
						"botplayNote"
					],
					[
						72642.8571428572,
						3,
						0,
						"botplayNote"
					],
					[
						72750,
						2,
						0,
						"botplayNote"
					]
				],
				"sectionBeats": 2,
				"altAnim": false,
				"gfSection": false,
				"bpm": 107,
				"changeBPM": false,
				"mustHitSection": true
			},
			{
				"typeOfSection": 0,
				"sectionNotes": [
					[
						72857.1428571429,
						2,
						321.428571428571
					],
					[
						72964.2857142857,
						0,
						107.142857142857,
						"6H"
					],
					[
						73285.7142857143,
						1,
						107.142857142857,
						"6H"
					],
					[
						73500,
						2,
						107.142857142857,
						"6H"
					],
					[
						73821.4285714286,
						0,
						0,
						"6H"
					],
					[
						73928.5714285714,
						3,
						0,
						"6H"
					],
					[
						74142.8571428572,
						3,
						0,
						"6H"
					],
					[
						73714.2857142857,
						6,
						107.142857142857,
						"botplayNote"
					],
					[
						74035.7142857143,
						5,
						0,
						"botplayNote"
					],
					[
						74142.8571428572,
						6,
						0,
						"botplayNote"
					],
					[
						74357.1428571429,
						4,
						0,
						"botplayNote"
					],
					[
						74464.2857142857,
						7,
						0,
						"botplayNote"
					]
				],
				"sectionBeats": 4,
				"altAnim": false,
				"gfSection": false,
				"bpm": 107,
				"changeBPM": false,
				"mustHitSection": false
			},
			{
				"typeOfSection": 0,
				"sectionNotes": [
					[
						75428.5714285714,
						6,
						428.571428571429,
						"6H"
					],
					[
						76071.4285714286,
						5,
						0,
						"6H"
					],
					[
						76178.5714285714,
						7,
						428.571428571429,
						"6H"
					],
					[
						74571.4285714286,
						2,
						214.285714285714,
						"botplayNote"
					],
					[
						74892.8571428572,
						1,
						214.285714285714,
						"botplayNote"
					],
					[
						75214.2857142857,
						3,
						107.142857142857,
						"botplayNote"
					],
					[
						75428.5714285714,
						2,
						214.285714285714,
						"botplayNote"
					],
					[
						75750,
						1,
						0,
						"botplayNote"
					],
					[
						75964.2857142857,
						3,
						0,
						"botplayNote"
					],
					[
						76071.4285714286,
						2,
						0,
						"botplayNote"
					],
					[
						76178.5714285714,
						0,
						0,
						"botplayNote"
					]
				],
				"sectionBeats": 4,
				"altAnim": false,
				"gfSection": false,
				"bpm": 107,
				"changeBPM": false,
				"mustHitSection": true
			},
			{
				"typeOfSection": 0,
				"sectionNotes": [
					[
						76714.2857142857,
						6,
						321.428571428571,
						"6H"
					],
					[
						77785.7142857143,
						6,
						0,
						"6H"
					],
					[
						77142.8571428572,
						5,
						535.714285714286,
						"6H"
					],
					[
						76285.7142857143,
						3,
						0,
						"botplayNote"
					],
					[
						76500,
						2,
						0,
						"botplayNote"
					],
					[
						76607.1428571429,
						1,
						0,
						"botplayNote"
					],
					[
						76821.4285714286,
						1,
						0,
						"botplayNote"
					],
					[
						76928.5714285714,
						0,
						0,
						"botplayNote"
					],
					[
						77035.7142857143,
						2,
						0,
						"botplayNote"
					],
					[
						77142.8571428572,
						3,
						107.142857142857,
						"botplayNote"
					],
					[
						77464.2857142857,
						2,
						0,
						"botplayNote"
					],
					[
						77571.4285714286,
						1,
						0,
						"botplayNote"
					],
					[
						77678.5714285714,
						2,
						0,
						"botplayNote"
					],
					[
						77785.7142857143,
						3,
						0,
						"botplayNote"
					],
					[
						77892.8571428572,
						2,
						0,
						"botplayNote"
					]
				],
				"sectionBeats": 4,
				"altAnim": false,
				"gfSection": false,
				"bpm": 107,
				"changeBPM": false,
				"mustHitSection": true
			},
			{
				"typeOfSection": 0,
				"sectionNotes": [
					[
						78000,
						0,
						321.428571428571,
						"6H"
					],
					[
						78428.5714285714,
						2,
						0,
						"6H"
					],
					[
						78642.8571428572,
						2,
						0,
						"6H"
					],
					[
						79392.8571428572,
						2,
						0,
						"6H"
					],
					[
						78857.1428571429,
						1,
						428.571428571429,
						"6H"
					],
					[
						78000,
						4,
						0,
						"botplayNote"
					],
					[
						78107.1428571429,
						5,
						0,
						"botplayNote"
					],
					[
						78214.2857142857,
						7,
						0,
						"botplayNote"
					],
					[
						78428.5714285714,
						6,
						0,
						"botplayNote"
					],
					[
						78642.8571428572,
						4,
						0,
						"botplayNote"
					],
					[
						78964.2857142857,
						5,
						0,
						"botplayNote"
					],
					[
						79071.4285714286,
						7,
						0,
						"botplayNote"
					],
					[
						79178.5714285714,
						6,
						0,
						"botplayNote"
					],
					[
						79285.7142857143,
						5,
						0,
						"botplayNote"
					],
					[
						79392.8571428572,
						6,
						214.285714285714,
						"botplayNote"
					]
				],
				"sectionBeats": 4,
				"altAnim": false,
				"gfSection": false,
				"bpm": 107,
				"changeBPM": false,
				"mustHitSection": false
			},
			{
				"typeOfSection": 0,
				"sectionNotes": [
					[
						79714.2857142857,
						4,
						321.428571428571,
						"6H"
					],
					[
						80142.8571428572,
						6,
						214.285714285714,
						"6H"
					],
					[
						80571.4285714286,
						7,
						214.285714285714,
						"6H"
					],
					[
						81000,
						6,
						107.142857142857,
						"6H"
					],
					[
						81214.2857142857,
						5,
						107.142857142857,
						"6H"
					],
					[
						79821.4285714286,
						1,
						107.142857142857,
						"botplayNote"
					],
					[
						80142.8571428572,
						2,
						107.142857142857,
						"botplayNote"
					],
					[
						80357.1428571429,
						3,
						0,
						"botplayNote"
					],
					[
						80571.4285714286,
						2,
						0,
						"botplayNote"
					],
					[
						80678.5714285714,
						1,
						0,
						"botplayNote"
					],
					[
						80892.8571428572,
						0,
						0,
						"botplayNote"
					],
					[
						81000,
						3,
						0,
						"botplayNote"
					],
					[
						81107.1428571429,
						2,
						0,
						"botplayNote"
					],
					[
						81214.2857142857,
						0,
						214.285714285714,
						"botplayNote"
					]
				],
				"sectionBeats": 4,
				"altAnim": false,
				"gfSection": false,
				"bpm": 107,
				"changeBPM": false,
				"mustHitSection": true
			},
			{
				"sectionBeats": 2,
				"sectionNotes": [
					[
						81428.5714285714,
						7,
						107.142857142857,
						"6H"
					],
					[
						81642.8571428571,
						6,
						0,
						"6H"
					],
					[
						81857.1428571429,
						5,
						0,
						"6H"
					],
					[
						82071.4285714286,
						6,
						0,
						"6H"
					],
					[
						81535.7142857143,
						1,
						107.142857142857,
						"botplayNote"
					],
					[
						81857.1428571429,
						2,
						0,
						"botplayNote"
					],
					[
						81964.2857142857,
						3,
						0,
						"botplayNote"
					],
					[
						82071.4285714286,
						0,
						0,
						"botplayNote"
					],
					[
						82178.5714285714,
						1,
						0,
						"botplayNote"
					]
				],
				"typeOfSection": 0,
				"gfSection": false,
				"altAnim": false,
				"mustHitSection": true,
				"changeBPM": false,
				"bpm": 140
			},
			{
				"sectionBeats": 4,
				"sectionNotes": [
					[
						82500,
						2,
						0
					],
					[
						82607.1428571429,
						1,
						0
					],
					[
						82821.4285714286,
						3,
						0
					],
					[
						82928.5714285714,
						2,
						107.142857142857
					],
					[
						83142.8571428571,
						0,
						0
					],
					[
						83357.1428571429,
						0,
						0
					],
					[
						83892.8571428571,
						2,
						0
					],
					[
						83464.2857142857,
						1,
						0
					]
				],
				"typeOfSection": 0,
				"gfSection": false,
				"altAnim": false,
				"mustHitSection": false,
				"changeBPM": false,
				"bpm": 140
			},
			{
				"sectionBeats": 4,
				"sectionNotes": [
					[
						84214.2857142857,
						2,
						0
					],
					[
						84428.5714285714,
						1,
						0
					],
					[
						84642.8571428571,
						3,
						0
					],
					[
						84964.2857142857,
						2,
						0
					],
					[
						85392.8571428571,
						2,
						0
					],
					[
						85285.7142857143,
						1,
						0
					],
					[
						85500,
						0,
						107.142857142857
					],
					[
						85071.4285714286,
						0,
						0
					]
				],
				"typeOfSection": 0,
				"gfSection": false,
				"altAnim": false,
				"mustHitSection": false,
				"changeBPM": false,
				"bpm": 140
			},
			{
				"sectionBeats": 4,
				"sectionNotes": [
					[
						85714.2857142857,
						2,
						107.142857142857
					],
					[
						85928.5714285714,
						1,
						0
					],
					[
						86035.7142857143,
						0,
						0
					],
					[
						86250,
						0,
						0
					],
					[
						86357.1428571429,
						3,
						0
					],
					[
						86464.2857142857,
						2,
						0
					],
					[
						86571.4285714286,
						1,
						0
					],
					[
						86678.5714285714,
						3,
						107.142857142857
					],
					[
						87214.2857142857,
						1,
						107.142857142857
					],
					[
						86892.8571428571,
						0,
						107.142857142857
					]
				],
				"typeOfSection": 0,
				"gfSection": false,
				"altAnim": false,
				"mustHitSection": false,
				"changeBPM": false,
				"bpm": 140
			},
			{
				"sectionBeats": 4,
				"sectionNotes": [
					[
						87428.5714285714,
						2,
						107.142857142857
					],
					[
						87642.8571428571,
						1,
						0
					],
					[
						87750,
						2,
						0
					],
					[
						87964.2857142857,
						2,
						0
					],
					[
						88071.4285714286,
						0,
						0
					],
					[
						88178.5714285714,
						3,
						0
					],
					[
						88285.7142857143,
						2,
						107.142857142857
					],
					[
						88607.1428571429,
						1,
						107.142857142857
					],
					[
						88928.5714285714,
						3,
						107.142857142857
					]
				],
				"typeOfSection": 0,
				"gfSection": false,
				"altAnim": false,
				"mustHitSection": false,
				"changeBPM": false,
				"bpm": 140
			},
			{
				"typeOfSection": 0,
				"sectionNotes": [
					[
						89357.1428571428,
						2,
						0,
						"botplayNote"
					],
					[
						89464.2857142857,
						1,
						0,
						"botplayNote"
					],
					[
						89678.5714285714,
						3,
						0,
						"botplayNote"
					],
					[
						89785.7142857143,
						2,
						107.142857142857,
						"botplayNote"
					],
					[
						90000,
						0,
						0,
						"botplayNote"
					],
					[
						90214.2857142857,
						0,
						0,
						"botplayNote"
					],
					[
						90321.4285714286,
						1,
						0,
						"botplayNote"
					],
					[
						90642.8571428571,
						2,
						0,
						"botplayNote"
					]
				],
				"sectionBeats": 4,
				"altAnim": false,
				"gfSection": false,
				"bpm": 140,
				"changeBPM": false,
				"mustHitSection": true
			},
			{
				"typeOfSection": 0,
				"sectionNotes": [
					[
						91071.4285714286,
						0,
						0,
						"botplayNote"
					],
					[
						91285.7142857143,
						1,
						0,
						"botplayNote"
					],
					[
						91500,
						3,
						0,
						"botplayNote"
					],
					[
						91821.4285714286,
						2,
						0,
						"botplayNote"
					],
					[
						91928.5714285714,
						0,
						0,
						"botplayNote"
					],
					[
						92142.8571428571,
						3,
						0,
						"botplayNote"
					],
					[
						92357.1428571428,
						0,
						107.142857142857,
						"botplayNote"
					]
				],
				"sectionBeats": 4,
				"altAnim": false,
				"gfSection": false,
				"bpm": 140,
				"changeBPM": false,
				"mustHitSection": true
			},
			{
				"typeOfSection": 0,
				"sectionNotes": [
					[
						92571.4285714286,
						2,
						107.142857142857,
						"botplayNote"
					],
					[
						92785.7142857143,
						1,
						0,
						"botplayNote"
					],
					[
						92892.8571428571,
						0,
						0,
						"botplayNote"
					],
					[
						93107.1428571428,
						0,
						0,
						"botplayNote"
					],
					[
						93214.2857142857,
						3,
						0,
						"botplayNote"
					],
					[
						93321.4285714286,
						2,
						0,
						"botplayNote"
					],
					[
						93428.5714285714,
						3,
						107.142857142857,
						"botplayNote"
					],
					[
						93750,
						0,
						107.142857142857,
						"botplayNote"
					],
					[
						94071.4285714286,
						1,
						107.142857142857,
						"botplayNote"
					]
				],
				"sectionBeats": 4,
				"altAnim": false,
				"gfSection": false,
				"bpm": 140,
				"changeBPM": false,
				"mustHitSection": true
			},
			{
				"typeOfSection": 0,
				"sectionNotes": [
					[
						94285.7142857143,
						2,
						107.142857142857,
						"botplayNote"
					],
					[
						94500,
						1,
						0,
						"botplayNote"
					],
					[
						94607.1428571428,
						0,
						0,
						"botplayNote"
					],
					[
						94821.4285714286,
						0,
						0,
						"botplayNote"
					],
					[
						94928.5714285714,
						3,
						0,
						"botplayNote"
					],
					[
						95035.7142857143,
						2,
						0,
						"botplayNote"
					],
					[
						95142.8571428571,
						3,
						107.142857142857,
						"botplayNote"
					],
					[
						95464.2857142857,
						0,
						107.142857142857,
						"botplayNote"
					],
					[
						95785.7142857143,
						1,
						107.142857142857,
						"botplayNote"
					]
				],
				"sectionBeats": 4,
				"altAnim": false,
				"gfSection": false,
				"bpm": 140,
				"changeBPM": false,
				"mustHitSection": true
			},
			{
				"typeOfSection": 0,
				"sectionNotes": [
					[
						96214.2857142857,
						2,
						0
					],
					[
						96321.4285714286,
						1,
						0
					],
					[
						96535.7142857143,
						3,
						0
					],
					[
						96642.8571428571,
						2,
						107.142857142857
					],
					[
						96857.1428571429,
						0,
						0
					],
					[
						97071.4285714286,
						0,
						0
					],
					[
						97178.5714285714,
						3,
						0
					],
					[
						97285.7142857143,
						2,
						214.285714285714
					]
				],
				"sectionBeats": 4,
				"altAnim": false,
				"gfSection": false,
				"bpm": 140,
				"changeBPM": false,
				"mustHitSection": false
			},
			{
				"typeOfSection": 0,
				"sectionNotes": [
					[
						97714.2857142857,
						0,
						0
					],
					[
						97928.5714285714,
						1,
						0
					],
					[
						98142.8571428571,
						3,
						0
					],
					[
						98357.1428571428,
						2,
						0
					],
					[
						98678.5714285714,
						0,
						0
					],
					[
						98892.8571428571,
						0,
						0
					],
					[
						99000,
						2,
						0
					]
				],
				"sectionBeats": 4,
				"altAnim": false,
				"gfSection": false,
				"bpm": 140,
				"changeBPM": false,
				"mustHitSection": false
			},
			{
				"typeOfSection": 0,
				"sectionNotes": [
					[
						99642.8571428571,
						1,
						0
					],
					[
						99750,
						2,
						0
					],
					[
						99428.5714285714,
						3,
						107.142857142857
					],
					[
						99964.2857142857,
						2,
						0
					],
					[
						100071.428571429,
						1,
						0
					],
					[
						100178.571428571,
						3,
						0
					],
					[
						100285.714285714,
						0,
						214.285714285714
					]
				],
				"sectionBeats": 4,
				"altAnim": false,
				"gfSection": false,
				"bpm": 140,
				"changeBPM": false,
				"mustHitSection": false
			},
			{
				"typeOfSection": 0,
				"sectionNotes": [
					[
						101357.142857143,
						1,
						0
					],
					[
						101464.285714286,
						2,
						0
					],
					[
						101142.857142857,
						3,
						107.142857142857
					],
					[
						101678.571428571,
						2,
						0
					],
					[
						101785.714285714,
						1,
						0
					],
					[
						101892.857142857,
						3,
						0
					],
					[
						102000,
						0,
						107.142857142857
					],
					[
						102214.285714286,
						1,
						107.142857142857
					],
					[
						102428.571428571,
						3,
						107.142857142857
					],
					[
						102642.857142857,
						2,
						0
					],
					[
						102750,
						1,
						0
					]
				],
				"sectionBeats": 4,
				"altAnim": false,
				"gfSection": false,
				"bpm": 140,
				"changeBPM": false,
				"mustHitSection": false
			},
			{
				"typeOfSection": 0,
				"sectionNotes": [
					[
						103071.428571429,
						2,
						0,
						"botplayNote"
					],
					[
						103178.571428571,
						0,
						0,
						"botplayNote"
					],
					[
						103392.857142857,
						3,
						0,
						"botplayNote"
					],
					[
						103500,
						2,
						107.142857142857,
						"botplayNote"
					],
					[
						103714.285714286,
						0,
						0,
						"botplayNote"
					],
					[
						103928.571428571,
						1,
						0,
						"botplayNote"
					],
					[
						104035.714285714,
						3,
						0,
						"botplayNote"
					],
					[
						104142.857142857,
						2,
						214.285714285714,
						"botplayNote"
					]
				],
				"sectionBeats": 4,
				"altAnim": false,
				"gfSection": false,
				"bpm": 140,
				"changeBPM": false,
				"mustHitSection": true
			},
			{
				"typeOfSection": 0,
				"sectionNotes": [
					[
						104571.428571429,
						0,
						0,
						"botplayNote"
					],
					[
						104785.714285714,
						1,
						0,
						"botplayNote"
					],
					[
						105000,
						3,
						0,
						"botplayNote"
					],
					[
						105214.285714286,
						2,
						0,
						"botplayNote"
					],
					[
						105535.714285714,
						0,
						0,
						"botplayNote"
					],
					[
						105750,
						3,
						0,
						"botplayNote"
					],
					[
						105857.142857143,
						2,
						0,
						"botplayNote"
					]
				],
				"sectionBeats": 4,
				"altAnim": false,
				"gfSection": false,
				"bpm": 140,
				"changeBPM": false,
				"mustHitSection": true
			},
			{
				"typeOfSection": 0,
				"sectionNotes": [
					[
						106285.714285714,
						3,
						107.142857142857,
						"botplayNote"
					],
					[
						106500,
						1,
						0,
						"botplayNote"
					],
					[
						106607.142857143,
						2,
						0,
						"botplayNote"
					],
					[
						106821.428571429,
						0,
						0,
						"botplayNote"
					],
					[
						106928.571428571,
						1,
						0,
						"botplayNote"
					],
					[
						107035.714285714,
						3,
						0,
						"botplayNote"
					],
					[
						107142.857142857,
						0,
						214.285714285714,
						"botplayNote"
					]
				],
				"sectionBeats": 4,
				"altAnim": false,
				"gfSection": false,
				"bpm": 140,
				"changeBPM": false,
				"mustHitSection": true
			},
			{
				"typeOfSection": 0,
				"sectionNotes": [
					[
						109285.714285714,
						2,
						214.285714285714,
						"6H"
					],
					[
						108428.571428571,
						1,
						321.428571428571,
						"6H"
					],
					[
						108857.142857143,
						3,
						321.428571428571,
						"6H"
					],
					[
						108000,
						2,
						321.428571428571,
						"6H"
					],
					[
						108000,
						7,
						107.142857142857,
						"botplayNote"
					],
					[
						108214.285714286,
						5,
						0,
						"botplayNote"
					],
					[
						108321.428571429,
						6,
						0,
						"botplayNote"
					],
					[
						108535.714285714,
						4,
						0,
						"botplayNote"
					],
					[
						108642.857142857,
						5,
						0,
						"botplayNote"
					],
					[
						108750,
						7,
						0,
						"botplayNote"
					],
					[
						108857.142857143,
						4,
						107.142857142857,
						"botplayNote"
					],
					[
						109071.428571429,
						5,
						107.142857142857,
						"botplayNote"
					],
					[
						109285.714285714,
						7,
						107.142857142857,
						"botplayNote"
					],
					[
						109500,
						6,
						0,
						"botplayNote"
					],
					[
						109607.142857143,
						5,
						0,
						"botplayNote"
					]
				],
				"sectionBeats": 4,
				"altAnim": false,
				"gfSection": false,
				"bpm": 140,
				"changeBPM": false,
				"mustHitSection": false
			},
			{
				"typeOfSection": 0,
				"sectionNotes": [
					[
						109714.285714286,
						0,
						0,
						"6H"
					],
					[
						109928.571428571,
						1,
						0,
						"6H"
					],
					[
						110035.714285714,
						2,
						0,
						"6H"
					],
					[
						110250,
						0,
						0,
						"6H"
					],
					[
						110357.142857143,
						2,
						0,
						"6H"
					],
					[
						110571.428571429,
						3,
						0,
						"6H"
					],
					[
						110785.714285714,
						2,
						0,
						"6H"
					],
					[
						110892.857142857,
						1,
						0,
						"6H"
					],
					[
						111107.142857143,
						0,
						0,
						"6H"
					],
					[
						111214.285714286,
						1,
						0,
						"6H"
					],
					[
						111321.428571429,
						3,
						0,
						"6H"
					]
				],
				"sectionBeats": 4,
				"altAnim": false,
				"gfSection": false,
				"bpm": 140,
				"changeBPM": false,
				"mustHitSection": false
			},
			{
				"typeOfSection": 0,
				"sectionNotes": [
					[
						111428.571428571,
						2,
						107.142857142857,
						"6H"
					],
					[
						111642.857142857,
						1,
						107.142857142857,
						"6H"
					],
					[
						111857.142857143,
						3,
						107.142857142857,
						"6H"
					],
					[
						112071.428571429,
						2,
						107.142857142857,
						"6H"
					],
					[
						112285.714285714,
						2,
						0,
						"6H"
					],
					[
						112500,
						1,
						0,
						"6H"
					],
					[
						112607.142857143,
						2,
						0,
						"6H"
					],
					[
						112714.285714286,
						0,
						107.142857142857,
						"6H"
					],
					[
						112928.571428571,
						3,
						107.142857142857,
						"6H"
					]
				],
				"sectionBeats": 4,
				"altAnim": false,
				"gfSection": false,
				"bpm": 140,
				"changeBPM": false,
				"mustHitSection": false
			},
			{
				"typeOfSection": 0,
				"sectionNotes": [
					[
						113142.857142857,
						2,
						0,
						"6H"
					],
					[
						113357.142857143,
						1,
						0,
						"6H"
					],
					[
						113464.285714286,
						0,
						0,
						"6H"
					],
					[
						113678.571428571,
						3,
						0,
						"6H"
					],
					[
						113785.714285714,
						2,
						0,
						"6H"
					],
					[
						114000,
						0,
						0,
						"6H"
					],
					[
						114214.285714286,
						1,
						0,
						"6H"
					],
					[
						114321.428571429,
						2,
						0,
						"6H"
					],
					[
						114535.714285714,
						3,
						0,
						"6H"
					],
					[
						114642.857142857,
						2,
						0,
						"6H"
					],
					[
						114750,
						0,
						0,
						"6H"
					]
				],
				"sectionBeats": 4,
				"altAnim": false,
				"gfSection": false,
				"bpm": 140,
				"changeBPM": false,
				"mustHitSection": false
			},
			{
				"typeOfSection": 0,
				"sectionNotes": [
					[
						114857.142857143,
						1,
						107.142857142857,
						"6H"
					],
					[
						115071.428571428,
						2,
						107.142857142857,
						"6H"
					],
					[
						115285.714285714,
						3,
						107.142857142857,
						"6H"
					],
					[
						115500,
						2,
						107.142857142857,
						"6H"
					],
					[
						115714.285714286,
						0,
						107.142857142857,
						"6H"
					],
					[
						115928.571428571,
						1,
						0,
						"6H"
					],
					[
						116035.714285714,
						2,
						0,
						"6H"
					],
					[
						116142.857142857,
						0,
						0,
						"6H"
					],
					[
						116357.142857143,
						2,
						0,
						"6H"
					]
				],
				"sectionBeats": 4,
				"altAnim": false,
				"gfSection": false,
				"bpm": 140,
				"changeBPM": false,
				"mustHitSection": false
			},
			{
				"typeOfSection": 0,
				"sectionNotes": [
					[
						116571.428571428,
						2,
						107.142857142857
					],
					[
						116785.714285714,
						1,
						0
					],
					[
						116892.857142857,
						2,
						0
					],
					[
						117107.142857143,
						0,
						0
					],
					[
						117214.285714286,
						3,
						0
					],
					[
						117428.571428571,
						2,
						0
					],
					[
						117642.857142857,
						1,
						0
					],
					[
						117750,
						3,
						0
					],
					[
						117964.285714286,
						2,
						0
					],
					[
						118071.428571428,
						0,
						0
					],
					[
						118178.571428571,
						1,
						0
					]
				],
				"sectionBeats": 4,
				"altAnim": false,
				"gfSection": false,
				"bpm": 140,
				"changeBPM": false,
				"mustHitSection": false
			},
			{
				"typeOfSection": 0,
				"sectionNotes": [
					[
						118285.714285714,
						3,
						107.142857142857
					],
					[
						118500,
						2,
						107.142857142857
					],
					[
						118714.285714286,
						0,
						107.142857142857
					],
					[
						118928.571428571,
						1,
						107.142857142857
					],
					[
						119142.857142857,
						2,
						0
					],
					[
						119357.142857143,
						0,
						0
					],
					[
						119464.285714286,
						1,
						0
					],
					[
						119571.428571428,
						3,
						0
					],
					[
						119785.714285714,
						2,
						0
					]
				],
				"sectionBeats": 4,
				"altAnim": false,
				"gfSection": false,
				"bpm": 140,
				"changeBPM": false,
				"mustHitSection": false
			},
			{
				"typeOfSection": 0,
				"sectionNotes": [
					[
						120000,
						2,
						107.142857142857
					],
					[
						120214.285714286,
						1,
						0
					],
					[
						120321.428571428,
						2,
						0
					],
					[
						120535.714285714,
						0,
						0
					],
					[
						120642.857142857,
						3,
						0
					],
					[
						120857.142857143,
						2,
						0
					],
					[
						121071.428571428,
						1,
						0
					],
					[
						121178.571428571,
						3,
						0
					],
					[
						121392.857142857,
						2,
						0
					],
					[
						121500,
						0,
						0
					],
					[
						121607.142857143,
						1,
						0
					]
				],
				"sectionBeats": 4,
				"altAnim": false,
				"gfSection": false,
				"bpm": 140,
				"changeBPM": false,
				"mustHitSection": false
			},
			{
				"typeOfSection": 0,
				"sectionNotes": [
					[
						121714.285714286,
						2,
						321.428571428571,
						"botplayNote"
					],
					[
						122142.857142857,
						1,
						321.428571428571,
						"botplayNote"
					],
					[
						122571.428571428,
						3,
						321.428571428571,
						"botplayNote"
					],
					[
						123000,
						2,
						321.428571428571,
						"botplayNote"
					]
				],
				"sectionBeats": 4,
				"altAnim": false,
				"gfSection": false,
				"bpm": 140,
				"changeBPM": false,
				"mustHitSection": true
			},
			{
				"typeOfSection": 0,
				"sectionNotes": [
					[
						123428.571428571,
						0,
						107.142857142857,
						"botplayNote"
					],
					[
						123642.857142857,
						1,
						0,
						"botplayNote"
					],
					[
						123750,
						2,
						0,
						"botplayNote"
					],
					[
						123964.285714286,
						0,
						0,
						"botplayNote"
					],
					[
						124071.428571428,
						3,
						0,
						"botplayNote"
					],
					[
						124285.714285714,
						2,
						0,
						"botplayNote"
					],
					[
						124500,
						1,
						0,
						"botplayNote"
					],
					[
						124607.142857143,
						3,
						0,
						"botplayNote"
					],
					[
						124821.428571428,
						2,
						0,
						"botplayNote"
					],
					[
						124928.571428571,
						0,
						0,
						"botplayNote"
					],
					[
						125035.714285714,
						1,
						0,
						"botplayNote"
					]
				],
				"sectionBeats": 4,
				"altAnim": false,
				"gfSection": false,
				"bpm": 140,
				"changeBPM": false,
				"mustHitSection": true
			},
			{
				"typeOfSection": 0,
				"sectionNotes": [
					[
						125142.857142857,
						3,
						107.142857142857,
						"botplayNote"
					],
					[
						125357.142857143,
						2,
						107.142857142857,
						"botplayNote"
					],
					[
						125571.428571428,
						0,
						107.142857142857,
						"botplayNote"
					],
					[
						125785.714285714,
						1,
						107.142857142857,
						"botplayNote"
					],
					[
						126000,
						2,
						0,
						"botplayNote"
					],
					[
						126214.285714286,
						0,
						0,
						"botplayNote"
					],
					[
						126321.428571428,
						1,
						0,
						"botplayNote"
					],
					[
						126428.571428571,
						3,
						0,
						"botplayNote"
					],
					[
						126642.857142857,
						2,
						0,
						"botplayNote"
					]
				],
				"sectionBeats": 4,
				"altAnim": false,
				"gfSection": false,
				"bpm": 140,
				"changeBPM": false,
				"mustHitSection": true
			},
			{
				"typeOfSection": 0,
				"sectionNotes": [
					[
						126857.142857143,
						2,
						107.142857142857,
						"botplayNote"
					],
					[
						127071.428571428,
						1,
						0,
						"botplayNote"
					],
					[
						127178.571428571,
						2,
						0,
						"botplayNote"
					],
					[
						127392.857142857,
						0,
						0,
						"botplayNote"
					],
					[
						127500,
						3,
						0,
						"botplayNote"
					],
					[
						127714.285714286,
						2,
						0,
						"botplayNote"
					],
					[
						127928.571428571,
						1,
						0,
						"botplayNote"
					],
					[
						128035.714285714,
						3,
						0,
						"botplayNote"
					],
					[
						128250,
						2,
						0,
						"botplayNote"
					],
					[
						128357.142857143,
						0,
						0,
						"botplayNote"
					],
					[
						128464.285714286,
						1,
						0,
						"botplayNote"
					]
				],
				"sectionBeats": 4,
				"altAnim": false,
				"gfSection": false,
				"bpm": 140,
				"changeBPM": false,
				"mustHitSection": true
			},
			{
				"typeOfSection": 0,
				"sectionNotes": [
					[
						128571.428571428,
						3,
						107.142857142857,
						"botplayNote"
					],
					[
						128785.714285714,
						2,
						107.142857142857,
						"botplayNote"
					],
					[
						129000,
						0,
						107.142857142857,
						"botplayNote"
					],
					[
						129214.285714286,
						1,
						107.142857142857,
						"botplayNote"
					],
					[
						129428.571428571,
						3,
						0,
						"botplayNote"
					],
					[
						129642.857142857,
						2,
						0,
						"botplayNote"
					],
					[
						129750,
						3,
						107.142857142857,
						"botplayNote"
					],
					[
						129964.285714286,
						0,
						0,
						"botplayNote"
					],
					[
						130071.428571428,
						3,
						0,
						"botplayNote"
					],
					[
						130178.571428571,
						1,
						0,
						"botplayNote"
					]
				],
				"sectionBeats": 4,
				"altAnim": false,
				"gfSection": false,
				"bpm": 140,
				"changeBPM": false,
				"mustHitSection": true
			},
			{
				"typeOfSection": 0,
				"sectionNotes": [
					[
						130285.714285714,
						2,
						0,
						"botplayNote"
					],
					[
						130500,
						0,
						0,
						"botplayNote"
					],
					[
						130714.285714286,
						3,
						0,
						"botplayNote"
					],
					[
						130928.571428571,
						2,
						0,
						"botplayNote"
					],
					[
						131035.714285714,
						3,
						0,
						"botplayNote"
					],
					[
						131142.857142857,
						0,
						0,
						"botplayNote"
					],
					[
						131357.142857143,
						2,
						0,
						"botplayNote"
					],
					[
						131571.428571428,
						0,
						0,
						"botplayNote"
					],
					[
						131785.714285714,
						1,
						0,
						"botplayNote"
					],
					[
						131892.857142857,
						2,
						0,
						"botplayNote"
					]
				],
				"sectionBeats": 4,
				"altAnim": false,
				"gfSection": false,
				"bpm": 140,
				"changeBPM": false,
				"mustHitSection": true
			},
			{
				"typeOfSection": 0,
				"sectionNotes": [
					[
						132000,
						0,
						0,
						"botplayNote"
					],
					[
						132214.285714286,
						0,
						0,
						"botplayNote"
					],
					[
						132428.571428571,
						1,
						0,
						"botplayNote"
					],
					[
						132642.857142857,
						2,
						0,
						"botplayNote"
					],
					[
						132750,
						1,
						0,
						"botplayNote"
					],
					[
						132857.142857143,
						3,
						0,
						"botplayNote"
					],
					[
						133071.428571428,
						3,
						0,
						"botplayNote"
					],
					[
						133285.714285714,
						0,
						0,
						"botplayNote"
					],
					[
						133500,
						2,
						0,
						"botplayNote"
					],
					[
						133607.142857143,
						1,
						0,
						"botplayNote"
					]
				],
				"sectionBeats": 4,
				"altAnim": false,
				"gfSection": false,
				"bpm": 140,
				"changeBPM": false,
				"mustHitSection": true
			},
			{
				"typeOfSection": 0,
				"sectionNotes": [
					[
						133714.285714286,
						0,
						0,
						"botplayNote"
					],
					[
						133928.571428571,
						0,
						0,
						"botplayNote"
					],
					[
						134142.857142857,
						1,
						0,
						"botplayNote"
					],
					[
						134357.142857143,
						2,
						0,
						"botplayNote"
					],
					[
						134464.285714286,
						1,
						0,
						"botplayNote"
					],
					[
						134571.428571428,
						3,
						0,
						"botplayNote"
					],
					[
						134785.714285714,
						3,
						0,
						"botplayNote"
					],
					[
						135000,
						0,
						0,
						"botplayNote"
					],
					[
						135214.285714286,
						2,
						0,
						"botplayNote"
					],
					[
						135321.428571428,
						1,
						0,
						"botplayNote"
					]
				],
				"sectionBeats": 4,
				"altAnim": false,
				"gfSection": false,
				"bpm": 140,
				"changeBPM": false,
				"mustHitSection": true
			},
			{
				"typeOfSection": 0,
				"sectionNotes": [
					[
						135428.571428571,
						0,
						0,
						"botplayNote"
					],
					[
						135642.857142857,
						0,
						0,
						"botplayNote"
					],
					[
						135857.142857143,
						1,
						0,
						"botplayNote"
					],
					[
						136071.428571428,
						2,
						0,
						"botplayNote"
					],
					[
						136178.571428571,
						1,
						0,
						"botplayNote"
					],
					[
						136285.714285714,
						3,
						214.285714285714,
						"botplayNote"
					],
					[
						136392.857142857,
						2,
						107.142857142857,
						"botplayNote"
					],
					[
						136607.142857143,
						0,
						0,
						"botplayNote"
					],
					[
						136714.285714286,
						1,
						0,
						"botplayNote"
					],
					[
						136928.571428571,
						2,
						0,
						"botplayNote"
					],
					[
						137035.714285714,
						1,
						0,
						"botplayNote"
					]
				],
				"sectionBeats": 4,
				"altAnim": false,
				"gfSection": false,
				"bpm": 140,
				"changeBPM": false,
				"mustHitSection": true
			},
			{
				"typeOfSection": 0,
				"sectionNotes": [
					[
						137142.857142857,
						6,
						0
					],
					[
						137571.428571428,
						3,
						0,
						"botplayNote"
					],
					[
						137678.571428571,
						0,
						0,
						"botplayNote"
					],
					[
						137785.714285714,
						3,
						0,
						"botplayNote"
					],
					[
						137892.857142857,
						0,
						0,
						"botplayNote"
					],
					[
						138214.285714286,
						2,
						0,
						"botplayNote"
					]
				],
				"sectionBeats": 4,
				"altAnim": false,
				"gfSection": false,
				"bpm": 140,
				"changeBPM": false,
				"mustHitSection": true
			},
			{
				"typeOfSection": 0,
				"sectionNotes": [
					[
						139178.571428571,
						1,
						0,
						"botplayNote"
					],
					[
						139285.714285714,
						1,
						0,
						"botplayNote"
					],
					[
						139500,
						2,
						0,
						"botplayNote"
					]
				],
				"sectionBeats": 2,
				"altAnim": false,
				"gfSection": false,
				"bpm": 140,
				"changeBPM": false,
				"mustHitSection": true
			},
			{
				"typeOfSection": 0,
				"sectionNotes": [
					[
						139928.571428571,
						2,
						107.142857142857,
						"botplayNote"
					],
					[
						140142.857142857,
						1,
						321.428571428571,
						"botplayNote"
					]
				],
				"sectionBeats": 2,
				"altAnim": false,
				"gfSection": true,
				"bpm": 140,
				"changeBPM": false,
				"mustHitSection": true
			},
			{
				"typeOfSection": 0,
				"sectionNotes": [
					[
						140571.428571428,
						1,
						0
					],
					[
						140785.714285714,
						3,
						0
					],
					[
						141000,
						2,
						0
					],
					[
						141214.285714286,
						1,
						0
					],
					[
						141428.571428571,
						3,
						0
					],
					[
						141535.714285714,
						2,
						0
					],
					[
						141642.857142857,
						0,
						0
					],
					[
						141857.142857143,
						2,
						0
					],
					[
						142071.428571428,
						2,
						0
					]
				],
				"sectionBeats": 4,
				"altAnim": false,
				"gfSection": false,
				"bpm": 140,
				"changeBPM": false,
				"mustHitSection": false
			},
			{
				"typeOfSection": 0,
				"sectionNotes": [
					[
						142285.714285714,
						1,
						0
					],
					[
						142500,
						3,
						0
					],
					[
						142714.285714286,
						2,
						0
					],
					[
						142928.571428571,
						1,
						0
					],
					[
						143142.857142857,
						3,
						0
					],
					[
						143250,
						0,
						0
					],
					[
						143357.142857143,
						2,
						0
					],
					[
						143464.285714286,
						1,
						0
					],
					[
						143785.714285714,
						1,
						0
					],
					[
						143892.857142857,
						3,
						0
					],
					[
						143571.428571428,
						3,
						0
					],
					[
						143678.571428571,
						0,
						0
					]
				],
				"sectionBeats": 4,
				"altAnim": false,
				"gfSection": false,
				"bpm": 140,
				"changeBPM": false,
				"mustHitSection": false
			},
			{
				"typeOfSection": 0,
				"sectionNotes": [
					[
						144428.571428571,
						0,
						0,
						"botplayNote"
					],
					[
						144535.714285714,
						3,
						0,
						"botplayNote"
					],
					[
						144642.857142857,
						0,
						0,
						"botplayNote"
					],
					[
						144750,
						3,
						0,
						"botplayNote"
					],
					[
						145071.428571428,
						2,
						0,
						"botplayNote"
					]
				],
				"sectionBeats": 4,
				"altAnim": false,
				"gfSection": false,
				"bpm": 140,
				"changeBPM": false,
				"mustHitSection": true
			},
			{
				"typeOfSection": 0,
				"sectionNotes": [
					[
						146035.714285714,
						1,
						0,
						"botplayNote"
					],
					[
						146142.857142857,
						1,
						0,
						"botplayNote"
					],
					[
						146357.142857143,
						2,
						0,
						"botplayNote"
					]
				],
				"sectionBeats": 2,
				"altAnim": false,
				"gfSection": false,
				"bpm": 140,
				"changeBPM": false,
				"mustHitSection": true
			},
			{
				"typeOfSection": 0,
				"sectionNotes": [
					[
						146785.714285714,
						2,
						107.142857142857,
						"botplayNote"
					],
					[
						147000,
						1,
						321.428571428571,
						"botplayNote"
					]
				],
				"sectionBeats": 2,
				"altAnim": false,
				"gfSection": true,
				"bpm": 140,
				"changeBPM": false,
				"mustHitSection": true
			},
			{
				"typeOfSection": 0,
				"sectionNotes": [
					[
						147428.571428571,
						2,
						0
					],
					[
						147642.857142857,
						1,
						0
					],
					[
						147857.142857143,
						3,
						0
					],
					[
						148071.428571428,
						2,
						0
					],
					[
						148285.714285714,
						0,
						0
					],
					[
						148392.857142857,
						3,
						0
					],
					[
						148500,
						2,
						0
					],
					[
						148607.142857143,
						0,
						0
					],
					[
						148714.285714286,
						2,
						0
					],
					[
						148928.571428571,
						3,
						0
					]
				],
				"sectionBeats": 4,
				"altAnim": false,
				"gfSection": false,
				"bpm": 140,
				"changeBPM": false,
				"mustHitSection": false
			},
			{
				"typeOfSection": 0,
				"sectionNotes": [
					[
						149142.857142857,
						2,
						0
					],
					[
						149357.142857143,
						1,
						0
					],
					[
						149571.428571428,
						3,
						0
					],
					[
						149785.714285714,
						2,
						0
					],
					[
						150000,
						0,
						0
					],
					[
						150107.142857143,
						3,
						0
					],
					[
						150214.285714286,
						2,
						0
					],
					[
						150428.571428571,
						1,
						0
					],
					[
						150535.714285714,
						3,
						0
					],
					[
						150642.857142857,
						1,
						0
					],
					[
						150000,
						3,
						107.142857142857,
						"6H"
					],
					[
						150214.285714286,
						1,
						107.142857142857,
						"6H"
					],
					[
						150428.571428571,
						2,
						107.142857142857,
						"6H"
					],
					[
						150642.857142857,
						0,
						107.142857142857,
						"6H"
					]
				],
				"sectionBeats": 4,
				"altAnim": false,
				"gfSection": false,
				"bpm": 140,
				"changeBPM": false,
				"mustHitSection": false
			},
			{
				"typeOfSection": 0,
				"sectionNotes": [
					[
						151285.714285714,
						3,
						0,
						"6H"
					],
					[
						151392.857142857,
						2,
						0,
						"6H"
					],
					[
						151500,
						0,
						214.285714285714,
						"6H"
					],
					[
						152357.142857143,
						0,
						0,
						"6H"
					],
					[
						152250,
						0,
						0,
						"6H"
					],
					[
						152464.285714286,
						2,
						0,
						"6H"
					],
					[
						152142.857142857,
						3,
						214.285714285714
					],
					[
						152035.714285714,
						1,
						0
					],
					[
						151928.571428571,
						2,
						0
					],
					[
						151714.285714286,
						2,
						0
					]
				],
				"sectionBeats": 4,
				"altAnim": false,
				"gfSection": false,
				"bpm": 140,
				"changeBPM": false,
				"mustHitSection": false
			},
			{
				"typeOfSection": 0,
				"sectionNotes": [
					[
						153000,
						2,
						0
					],
					[
						153214.285714286,
						1,
						0
					],
					[
						153428.571428571,
						3,
						0
					],
					[
						153535.714285714,
						2,
						0
					],
					[
						153642.857142857,
						0,
						0
					],
					[
						153750,
						1,
						0
					],
					[
						153857.142857143,
						3,
						107.142857142857
					],
					[
						153428.571428571,
						0,
						0,
						"6H"
					],
					[
						153535.714285714,
						3,
						0,
						"6H"
					],
					[
						153750,
						2,
						0,
						"6H"
					],
					[
						153642.857142857,
						1,
						0,
						"6H"
					],
					[
						153857.142857143,
						0,
						107.142857142857,
						"6H"
					],
					[
						154071.428571428,
						2,
						107.142857142857,
						"6H"
					],
					[
						154071.428571428,
						0,
						107.142857142857
					]
				],
				"sectionBeats": 4,
				"altAnim": false,
				"gfSection": false,
				"bpm": 140,
				"changeBPM": false,
				"mustHitSection": false
			},
			{
				"typeOfSection": 0,
				"sectionNotes": [
					[
						155357.142857143,
						4,
						107.142857142857,
						"6H"
					],
					[
						154821.428571428,
						2,
						0,
						"botplayNote"
					],
					[
						154928.571428571,
						3,
						0,
						"botplayNote"
					],
					[
						155035.714285714,
						0,
						0,
						"botplayNote"
					],
					[
						155142.857142857,
						3,
						214.285714285714,
						"botplayNote"
					]
				],
				"sectionBeats": 3,
				"altAnim": false,
				"gfSection": false,
				"bpm": 140,
				"changeBPM": false,
				"mustHitSection": true
			},
			{
				"typeOfSection": 0,
				"sectionNotes": [
					[
						155571.428571428,
						2,
						107.142857142857,
						"6H"
					],
					[
						155785.714285714,
						1,
						107.142857142857,
						"6H"
					],
					[
						156000,
						3,
						0,
						"6H"
					],
					[
						156107.142857143,
						2,
						0,
						"6H"
					],
					[
						156321.428571428,
						2,
						0,
						"6H"
					],
					[
						156428.571428571,
						0,
						0,
						"6H"
					],
					[
						156535.714285714,
						3,
						0,
						"6H"
					],
					[
						156642.857142857,
						2,
						0,
						"6H"
					],
					[
						156107.142857143,
						6,
						107.142857142857,
						"botplayNote"
					],
					[
						156321.428571428,
						5,
						0,
						"botplayNote"
					],
					[
						156428.571428571,
						7,
						0,
						"botplayNote"
					],
					[
						156535.714285714,
						4,
						0,
						"botplayNote"
					],
					[
						156642.857142857,
						6,
						0,
						"botplayNote"
					],
					[
						156750,
						7,
						0,
						"botplayNote"
					],
					[
						156857.142857143,
						4,
						107.142857142857,
						"botplayNote"
					],
					[
						157178.571428571,
						5,
						214.285714285714,
						"botplayNote"
					]
				],
				"sectionBeats": 4,
				"altAnim": false,
				"gfSection": false,
				"bpm": 140,
				"changeBPM": false,
				"mustHitSection": false
			},
			{
				"typeOfSection": 0,
				"sectionNotes": [
					[
						157821.428571428,
						6,
						428.571428571429,
						"6H"
					],
					[
						158357.142857143,
						5,
						0,
						"6H"
					],
					[
						158571.428571428,
						7,
						321.428571428571,
						"6H"
					],
					[
						157500,
						2,
						107.142857142857,
						"botplayNote"
					],
					[
						157714.285714286,
						0,
						0,
						"botplayNote"
					],
					[
						158035.714285714,
						3,
						0,
						"botplayNote"
					],
					[
						158250,
						3,
						0,
						"botplayNote"
					],
					[
						158357.142857143,
						2,
						214.285714285714,
						"botplayNote"
					],
					[
						158678.571428571,
						0,
						0,
						"botplayNote"
					],
					[
						158785.714285714,
						3,
						0,
						"botplayNote"
					],
					[
						158892.857142857,
						0,
						0,
						"botplayNote"
					]
				],
				"sectionBeats": 4,
				"altAnim": false,
				"gfSection": false,
				"bpm": 140,
				"changeBPM": false,
				"mustHitSection": true
			},
			{
				"typeOfSection": 0,
				"sectionNotes": [
					[
						159000,
						0,
						321.428571428571,
						"6H"
					],
					[
						159428.571428571,
						1,
						428.571428571429,
						"6H"
					],
					[
						160071.428571428,
						2,
						0,
						"6H"
					],
					[
						160285.714285714,
						3,
						214.285714285714,
						"6H"
					],
					[
						159000,
						5,
						0,
						"botplayNote"
					],
					[
						159107.142857143,
						7,
						0,
						"botplayNote"
					],
					[
						159214.285714286,
						6,
						0,
						"botplayNote"
					],
					[
						159321.428571428,
						4,
						0,
						"botplayNote"
					],
					[
						159428.571428571,
						6,
						0,
						"botplayNote"
					],
					[
						159750,
						4,
						0,
						"botplayNote"
					],
					[
						159857.142857143,
						7,
						0,
						"botplayNote"
					],
					[
						159964.285714286,
						5,
						0,
						"botplayNote"
					],
					[
						160071.428571428,
						4,
						0,
						"botplayNote"
					],
					[
						160178.571428571,
						7,
						0,
						"botplayNote"
					],
					[
						160285.714285714,
						5,
						0,
						"botplayNote"
					],
					[
						160392.857142857,
						6,
						0,
						"botplayNote"
					],
					[
						160500,
						4,
						0,
						"botplayNote"
					]
				],
				"sectionBeats": 4,
				"altAnim": false,
				"gfSection": false,
				"bpm": 140,
				"changeBPM": false,
				"mustHitSection": false
			},
			{
				"typeOfSection": 0,
				"sectionNotes": [
					[
						160714.285714286,
						6,
						107.142857142857,
						"6H"
					],
					[
						160928.571428571,
						6,
						0,
						"6H"
					],
					[
						161142.857142857,
						5,
						535.714285714286,
						"6H"
					],
					[
						161785.714285714,
						6,
						0,
						"6H"
					],
					[
						162000,
						5,
						214.285714285714,
						"6H"
					],
					[
						160714.285714286,
						1,
						0,
						"botplayNote"
					],
					[
						160928.571428571,
						2,
						0,
						"botplayNote"
					],
					[
						161142.857142857,
						1,
						0,
						"botplayNote"
					],
					[
						161250,
						2,
						0,
						"botplayNote"
					],
					[
						161464.285714286,
						0,
						0,
						"botplayNote"
					],
					[
						161571.428571428,
						3,
						0,
						"botplayNote"
					],
					[
						161678.571428571,
						2,
						0,
						"botplayNote"
					],
					[
						161785.714285714,
						0,
						214.285714285714,
						"botplayNote"
					],
					[
						162107.142857143,
						1,
						214.285714285714,
						"botplayNote"
					]
				],
				"sectionBeats": 4,
				"altAnim": false,
				"gfSection": false,
				"bpm": 140,
				"changeBPM": false,
				"mustHitSection": true
			},
			{
				"typeOfSection": 0,
				"sectionNotes": [
					[
						162428.571428571,
						2,
						214.285714285714,
						"6H"
					],
					[
						162857.142857143,
						0,
						214.285714285714,
						"6H"
					],
					[
						163285.714285714,
						1,
						0,
						"6H"
					],
					[
						163500,
						2,
						0,
						"6H"
					],
					[
						163714.285714286,
						3,
						0,
						"6H"
					],
					[
						163928.571428571,
						1,
						0,
						"6H"
					],
					[
						162428.571428571,
						6,
						0,
						"botplayNote"
					],
					[
						162642.857142857,
						5,
						0,
						"botplayNote"
					],
					[
						162857.142857143,
						7,
						0,
						"botplayNote"
					],
					[
						162964.285714286,
						6,
						0,
						"botplayNote"
					],
					[
						163178.571428571,
						7,
						0,
						"botplayNote"
					],
					[
						163285.714285714,
						4,
						0,
						"botplayNote"
					],
					[
						163392.857142857,
						5,
						0,
						"botplayNote"
					],
					[
						163500,
						7,
						214.285714285714,
						"botplayNote"
					],
					[
						163821.428571428,
						5,
						0,
						"botplayNote"
					]
				],
				"sectionBeats": 4,
				"altAnim": false,
				"gfSection": false,
				"bpm": 140,
				"changeBPM": false,
				"mustHitSection": false
			},
			{
				"typeOfSection": 0,
				"sectionNotes": [
					[
						164142.857142857,
						6,
						0,
						"6H"
					],
					[
						164357.142857143,
						5,
						0,
						"6H"
					],
					[
						164142.857142857,
						2,
						0,
						"botplayNote"
					],
					[
						164250,
						1,
						0,
						"botplayNote"
					],
					[
						164357.142857143,
						3,
						0,
						"botplayNote"
					]
				],
				"sectionBeats": 4,
				"altAnim": false,
				"gfSection": false,
				"bpm": 140,
				"changeBPM": false,
				"mustHitSection": true
			},
			{
				"typeOfSection": 0,
				"sectionNotes": [],
				"sectionBeats": 4,
				"altAnim": false,
				"gfSection": true,
				"bpm": 140,
				"changeBPM": false,
				"mustHitSection": false
			},
			{
				"typeOfSection": 0,
				"sectionNotes": [],
				"sectionBeats": 4,
				"altAnim": false,
				"gfSection": true,
				"bpm": 140,
				"changeBPM": false,
				"mustHitSection": true
			},
			{
				"typeOfSection": 0,
				"sectionNotes": [],
				"sectionBeats": 4,
				"altAnim": false,
				"gfSection": true,
				"bpm": 140,
				"changeBPM": false,
				"mustHitSection": false
			},
			{
				"typeOfSection": 0,
				"sectionNotes": [],
				"sectionBeats": 4,
				"altAnim": false,
				"gfSection": true,
				"bpm": 140,
				"changeBPM": false,
				"mustHitSection": true
			},
			{
				"typeOfSection": 0,
				"sectionNotes": [],
				"sectionBeats": 4,
				"altAnim": false,
				"gfSection": true,
				"bpm": 140,
				"changeBPM": false,
				"mustHitSection": false
			},
			{
				"typeOfSection": 0,
				"sectionNotes": [],
				"sectionBeats": 4,
				"altAnim": false,
				"gfSection": true,
				"bpm": 140,
				"changeBPM": false,
				"mustHitSection": true
			},
			{
				"typeOfSection": 0,
				"sectionNotes": [],
				"sectionBeats": 4,
				"altAnim": false,
				"gfSection": true,
				"bpm": 140,
				"changeBPM": false,
				"mustHitSection": false
			},
			{
				"typeOfSection": 0,
				"sectionNotes": [],
				"sectionBeats": 4,
				"altAnim": false,
				"gfSection": true,
				"bpm": 140,
				"changeBPM": false,
				"mustHitSection": true
			},
			{
				"typeOfSection": 0,
				"sectionNotes": [],
				"sectionBeats": 4,
				"altAnim": false,
				"gfSection": false,
				"bpm": 140,
				"changeBPM": false,
				"mustHitSection": true
			},
			{
				"typeOfSection": 0,
				"sectionNotes": [],
				"sectionBeats": 4,
				"altAnim": false,
				"gfSection": false,
				"bpm": 140,
				"changeBPM": false,
				"mustHitSection": true
			},
			{
				"typeOfSection": 0,
				"sectionNotes": [],
				"sectionBeats": 4,
				"altAnim": false,
				"gfSection": false,
				"bpm": 140,
				"changeBPM": false,
				"mustHitSection": true
			},
			{
				"typeOfSection": 0,
				"sectionNotes": [],
				"sectionBeats": 4,
				"altAnim": false,
				"gfSection": false,
				"bpm": 140,
				"changeBPM": false,
				"mustHitSection": true
			},
			{
				"typeOfSection": 0,
				"sectionNotes": [],
				"sectionBeats": 4,
				"altAnim": false,
				"gfSection": false,
				"bpm": 140,
				"changeBPM": false,
				"mustHitSection": true
			},
			{
				"typeOfSection": 0,
				"sectionNotes": [],
				"sectionBeats": 4,
				"altAnim": false,
				"gfSection": false,
				"bpm": 140,
				"changeBPM": false,
				"mustHitSection": true
			},
			{
				"typeOfSection": 0,
				"sectionNotes": [],
				"sectionBeats": 4,
				"altAnim": false,
				"gfSection": false,
				"bpm": 140,
				"changeBPM": false,
				"mustHitSection": true
			},
			{
				"typeOfSection": 0,
				"sectionNotes": [],
				"sectionBeats": 4,
				"altAnim": false,
				"gfSection": false,
				"bpm": 140,
				"changeBPM": false,
				"mustHitSection": true
			},
			{
				"typeOfSection": 0,
				"sectionNotes": [],
				"sectionBeats": 4,
				"altAnim": false,
				"gfSection": false,
				"bpm": 140,
				"changeBPM": false,
				"mustHitSection": true
			},
			{
				"sectionBeats": 4,
				"sectionNotes": [],
				"typeOfSection": 0,
				"gfSection": false,
				"altAnim": false,
				"mustHitSection": true,
				"changeBPM": false,
				"bpm": 140
			},
			{
				"sectionBeats": 4,
				"sectionNotes": [],
				"typeOfSection": 0,
				"gfSection": false,
				"altAnim": false,
				"mustHitSection": true,
				"changeBPM": false,
				"bpm": 140
			},
			{
				"sectionBeats": 4,
				"sectionNotes": [],
				"typeOfSection": 0,
				"gfSection": false,
				"altAnim": false,
				"mustHitSection": true,
				"changeBPM": false,
				"bpm": 140
			},
			{
				"sectionBeats": 4,
				"sectionNotes": [],
				"typeOfSection": 0,
				"gfSection": false,
				"altAnim": false,
				"mustHitSection": true,
				"changeBPM": false,
				"bpm": 140
			},
			{
				"sectionBeats": 4,
				"sectionNotes": [],
				"typeOfSection": 0,
				"gfSection": false,
				"altAnim": false,
				"mustHitSection": true,
				"changeBPM": false,
				"bpm": 140
			},
			{
				"sectionBeats": 4,
				"sectionNotes": [],
				"typeOfSection": 0,
				"gfSection": false,
				"altAnim": false,
				"mustHitSection": true,
				"changeBPM": false,
				"bpm": 140
			},
			{
				"sectionBeats": 4,
				"sectionNotes": [],
				"typeOfSection": 0,
				"gfSection": false,
				"altAnim": false,
				"mustHitSection": true,
				"changeBPM": false,
				"bpm": 140
			},
			{
				"sectionBeats": 4,
				"sectionNotes": [],
				"typeOfSection": 0,
				"gfSection": false,
				"altAnim": false,
				"mustHitSection": true,
				"changeBPM": false,
				"bpm": 140
			},
			{
				"typeOfSection": 0,
				"sectionNotes": [],
				"sectionBeats": 4,
				"altAnim": false,
				"gfSection": false,
				"bpm": 140,
				"changeBPM": false,
				"mustHitSection": true
			},
			{
				"typeOfSection": 0,
				"sectionNotes": [],
				"sectionBeats": 4,
				"altAnim": false,
				"gfSection": false,
				"bpm": 140,
				"changeBPM": false,
				"mustHitSection": true
			},
			{
				"typeOfSection": 0,
				"sectionNotes": [],
				"sectionBeats": 4,
				"altAnim": false,
				"gfSection": false,
				"bpm": 140,
				"changeBPM": false,
				"mustHitSection": true
			},
			{
				"typeOfSection": 0,
				"sectionNotes": [],
				"sectionBeats": 4,
				"altAnim": false,
				"gfSection": false,
				"bpm": 140,
				"changeBPM": false,
				"mustHitSection": true
			},
			{
				"typeOfSection": 0,
				"sectionNotes": [],
				"sectionBeats": 4,
				"altAnim": false,
				"gfSection": false,
				"bpm": 140,
				"changeBPM": false,
				"mustHitSection": true
			},
			{
				"typeOfSection": 0,
				"sectionNotes": [],
				"sectionBeats": 4,
				"altAnim": false,
				"gfSection": false,
				"bpm": 140,
				"changeBPM": false,
				"mustHitSection": true
			},
			{
				"sectionBeats": 4,
				"sectionNotes": [],
				"typeOfSection": 0,
				"gfSection": false,
				"altAnim": false,
				"mustHitSection": true,
				"changeBPM": false,
				"bpm": 140
			},
			{
				"gfSection": false,
				"altAnim": false,
				"typeOfSection": 0,
				"sectionNotes": [],
				"bpm": 140,
				"sectionBeats": 4,
				"changeBPM": false,
				"mustHitSection": true
			}
		],
		"player3": null,
		"song": "1047",
		"validScore": true,
		"sections": 0,
		"needsVoices": false,
		"stage": "ne",
		"speed": 3,
		"bpm": 140
	}
}