{
	"player1": "bf",
	"events": [
		[
			0,
			[
				["Hide Hud", "1", ""]
			]
		],
		[
			14906.25,
			[
				["Hide Hud", "2", ""]
			]
		],
		[
			15000,
			[
				["Flash", "ffffff", "1"]
			]
		],
		[
			38906.25,
			[
				["Cinematics (With HUD)", "0.2", "90"]
			]
		],
		[
			63000,
			[
				["Set Cam Zoom", "0.9", "10"]
			]
		],
		[
			77250,
			[
				["Set Cam Zoom", "0.7", "15"]
			]
		],
		[
			78000,
			[
				["Hide Hud", "2", ""]
			]
		]
	],
	"gfVersion": "gf",
	"notes": [
		{
			"gfSection": false,
			"sectionNotes": [],
			"sectionBeats": 4,
			"mustHitSection": false
		},
		{
			"sectionNotes": [],
			"sectionBeats": 4,
			"mustHitSection": true
		},
		{
			"sectionBeats": 4,
			"sectionNotes": [],
			"lengthInSteps": 16,
			"bpm": 0,
			"mustHitSection": false
		},
		{
			"sectionNotes": [],
			"sectionBeats": 4,
			"mustHitSection": true
		},
		{
			"sectionBeats": 4,
			"sectionNotes": [],
			"lengthInSteps": 16,
			"mustHitSection": false
		},
		{
			"sectionNotes": [],
			"sectionBeats": 4,
			"mustHitSection": true
		},
		{
			"sectionNotes": [],
			"sectionBeats": 4,
			"altAnim": false,
			"gfSection": false,
			"mustHitSection": false
		},
		{
			"sectionNotes": [],
			"lengthInSteps": 16,
			"sectionBeats": 4,
			"mustHitSection": true
		},
		{
			"sectionBeats": 4,
			"sectionNotes": [],
			"lengthInSteps": 16,
			"mustHitSection": false
		},
		{
			"sectionNotes": [],
			"sectionBeats": 4,
			"mustHitSection": false
		},
		{
			"sectionNotes": [
				[15000, 6, 93.75],
				[15187.5, 5, 281.25],
				[15281.25, 4, 187.5],
				[15562.5, 7, 0],
				[15656.25, 4, 0],
				[15750, 6, 0],
				[15843.75, 5, 0],
				[15937.5, 7, 0],
				[16125, 6, 0],
				[16218.75, 7, 0],
				[16312.5, 4, 0],
				[16406.25, 6, 0]
			],
			"sectionBeats": 4,
			"mustHitSection": false,
			"bpm": 117
		},
		{
			"sectionNotes": [
				[16500, 4, 187.5],
				[16781.25, 5, 93.75],
				[16968.75, 7, 0],
				[17062.5, 6, 0],
				[17250, 4, 0],
				[17437.5, 5, 0],
				[17625, 6, 93.75],
				[17812.5, 5, 93.75]
			],
			"sectionBeats": 4,
			"mustHitSection": false
		},
		{
			"sectionNotes": [
				[18000, 7, 93.75],
				[18187.5, 4, 0],
				[18281.25, 5, 0],
				[18375, 7, 93.75],
				[18562.5, 6, 93.75],
				[18750, 4, 0],
				[18843.75, 7, 0],
				[18937.5, 5, 0],
				[19031.25, 6, 0],
				[19125, 4, 0],
				[19312.5, 6, 0]
			],
			"sectionBeats": 4,
			"mustHitSection": false
		},
		{
			"sectionNotes": [
				[19500, 7, 187.5],
				[19781.25, 6, 187.5],
				[20062.5, 4, 0],
				[20250, 5, 0],
				[20531.25, 7, 0],
				[20531.25, 6, 0],
				[20812.5, 5, 0]
			],
			"sectionBeats": 4,
			"mustHitSection": false
		},
		{
			"sectionNotes": [
				[21000, 6, 1406.25],
				[21000, 2, 93.75],
				[21187.5, 1, 281.25],
				[21281.25, 0, 187.5],
				[21562.5, 3, 0],
				[21656.25, 0, 0],
				[21750, 2, 0],
				[21843.75, 1, 0],
				[21937.5, 3, 0],
				[22125, 2, 0],
				[22218.75, 3, 0],
				[22312.5, 0, 0],
				[22406.25, 2, 0]
			],
			"sectionBeats": 4,
			"mustHitSection": true
		},
		{
			"sectionNotes": [
				[22500, 0, 187.5],
				[22781.25, 1, 93.75],
				[22968.75, 3, 0],
				[23062.5, 2, 0],
				[23250, 0, 0],
				[23437.5, 1, 0],
				[23625, 2, 93.75],
				[23812.5, 1, 93.75]
			],
			"sectionBeats": 4,
			"mustHitSection": true
		},
		{
			"sectionNotes": [
				[24000, 3, 93.75],
				[24187.5, 0, 0],
				[24281.25, 1, 0],
				[24375, 3, 93.75],
				[24562.5, 2, 93.75],
				[24750, 0, 0],
				[24843.75, 3, 0],
				[24937.5, 1, 0],
				[25031.25, 2, 0],
				[25125, 0, 0],
				[25312.5, 2, 0]
			],
			"sectionBeats": 4,
			"mustHitSection": true
		},
		{
			"sectionNotes": [
				[25500, 3, 187.5],
				[25781.25, 2, 187.5],
				[26062.5, 0, 0],
				[26250, 1, 0],
				[26531.25, 3, 0],
				[26531.25, 2, 0],
				[26812.5, 1, 0]
			],
			"sectionBeats": 4,
			"mustHitSection": true
		},
		{
			"sectionNotes": [
				[27000, 2, 1406.25],
				[27000, 7, 0],
				[27187.5, 5, 0],
				[27375, 6, 0],
				[27656.25, 4, 0],
				[27937.5, 5, 0],
				[28125, 7, 0],
				[28406.25, 6, 0]
			],
			"sectionBeats": 4,
			"mustHitSection": false
		},
		{
			"sectionNotes": [
				[28687.5, 5, 0],
				[28781.25, 5, 0],
				[29062.5, 6, 93.75],
				[29250, 5, 93.75],
				[29437.5, 7, 0],
				[29625, 6, 0],
				[29812.5, 4, 0]
			],
			"sectionBeats": 4,
			"mustHitSection": false
		},
		{
			"sectionNotes": [
				[30000, 6, 93.75],
				[30281.25, 5, 0],
				[30562.5, 7, 0],
				[30843.75, 6, 0],
				[31125, 5, 0],
				[31312.5, 6, 0]
			],
			"lengthInSteps": 16,
			"sectionBeats": 4,
			"mustHitSection": false
		},
		{
			"sectionNotes": [
				[31500, 7, 0],
				[31687.5, 7, 0],
				[31781.25, 5, 0],
				[31875, 6, 0],
				[32062.5, 5, 0],
				[32250, 7, 0],
				[32437.5, 6, 0],
				[32625, 4, 0],
				[32812.5, 5, 0]
			],
			"lengthInSteps": 16,
			"sectionBeats": 4,
			"mustHitSection": false
		},
		{
			"sectionNotes": [
				[33000, 3, 0],
				[33000, 6, 0],
				[33187.5, 5, 0],
				[33187.5, 1, 0],
				[33375, 2, 0],
				[33656.25, 0, 0],
				[33937.5, 1, 0],
				[34125, 3, 0],
				[34125, 7, 0],
				[34312.5, 6, 0],
				[34406.25, 2, 0]
			],
			"lengthInSteps": 16,
			"sectionBeats": 4,
			"mustHitSection": true
		},
		{
			"sectionNotes": [
				[34687.5, 1, 0],
				[34781.25, 1, 0],
				[34875, 4, 0],
				[35062.5, 2, 93.75],
				[35062.5, 5, 0],
				[35250, 1, 93.75],
				[35437.5, 3, 0],
				[35625, 2, 0],
				[35625, 5, 0],
				[35812.5, 0, 0]
			],
			"sectionBeats": 4,
			"mustHitSection": true
		},
		{
			"sectionNotes": [
				[36000, 2, 93.75],
				[36000, 6, 0],
				[36187.5, 7, 0],
				[36281.25, 1, 0],
				[36562.5, 3, 0],
				[36750, 5, 0],
				[36843.75, 2, 0],
				[36937.5, 6, 0],
				[37125, 1, 0],
				[37312.5, 2, 0]
			],
			"sectionBeats": 4,
			"mustHitSection": true
		},
		{
			"sectionNotes": [
				[37500, 3, 0],
				[37500, 5, 0],
				[37687.5, 3, 0],
				[37687.5, 7, 0],
				[37781.25, 1, 0],
				[37875, 2, 0],
				[38062.5, 1, 0],
				[38250, 3, 0],
				[38250, 6, 0],
				[38437.5, 2, 0],
				[38437.5, 5, 0],
				[38625, 0, 0],
				[38812.5, 1, 0]
			],
			"sectionBeats": 4,
			"mustHitSection": true
		},
		{
			"sectionNotes": [
				[39000, 6, 1031.25],
				[39000, 2, 1031.25],
				[40125, 5, 93.75],
				[40125, 1, 93.75],
				[40312.5, 7, 93.75],
				[40312.5, 3, 93.75]
			],
			"sectionBeats": 4,
			"mustHitSection": false
		},
		{
			"sectionNotes": [
				[40500, 4, 0],
				[40500, 0, 0],
				[40687.5, 5, 0],
				[40687.5, 1, 0],
				[40875, 6, 0],
				[40875, 2, 0],
				[41062.5, 5, 0],
				[41062.5, 1, 0],
				[41250, 7, 0],
				[41250, 3, 0],
				[41437.5, 5, 0],
				[41437.5, 1, 0],
				[41625, 6, 0],
				[41625, 2, 0],
				[41812.5, 5, 0],
				[41812.5, 1, 0]
			],
			"sectionBeats": 4,
			"mustHitSection": true
		},
		{
			"sectionNotes": [
				[42000, 6, 562.5],
				[42000, 2, 562.5],
				[42750, 4, 0],
				[42750, 5, 0],
				[42750, 0, 0],
				[42750, 1, 0],
				[42937.5, 5, 0],
				[42937.5, 1, 0],
				[43125, 7, 0],
				[43125, 3, 0],
				[43312.5, 6, 0],
				[43312.5, 2, 0]
			],
			"sectionBeats": 4,
			"mustHitSection": false
		},
		{
			"sectionNotes": [
				[43500, 4, 0],
				[43500, 0, 0],
				[43687.5, 4, 0],
				[43687.5, 0, 0],
				[43875, 6, 0],
				[43875, 2, 0],
				[44062.5, 5, 0],
				[44062.5, 1, 0],
				[44250, 7, 0],
				[44250, 3, 0],
				[44437.5, 6, 0],
				[44437.5, 2, 0],
				[44625, 5, 0],
				[44625, 1, 0],
				[44812.5, 7, 0],
				[44812.5, 3, 0]
			],
			"sectionBeats": 4,
			"mustHitSection": true
		},
		{
			"sectionNotes": [
				[45000, 5, 0],
				[45000, 1, 0],
				[45187.5, 7, 0],
				[45187.5, 3, 0],
				[45375, 6, 0],
				[45375, 2, 0],
				[45468.75, 5, 0],
				[45468.75, 1, 0],
				[45562.5, 7, 0],
				[45562.5, 3, 0],
				[45656.25, 4, 0],
				[45656.25, 0, 0],
				[45750, 6, 0],
				[45750, 2, 0],
				[45937.5, 5, 0],
				[45937.5, 1, 0],
				[46125, 7, 0],
				[46125, 3, 0],
				[46218.75, 6, 0],
				[46218.75, 2, 0],
				[46312.5, 4, 0],
				[46312.5, 0, 0],
				[46406.25, 5, 0],
				[46406.25, 1, 0]
			],
			"sectionBeats": 4,
			"mustHitSection": false
		},
		{
			"sectionNotes": [
				[46500, 7, 0],
				[46500, 3, 0],
				[46687.5, 5, 0],
				[46687.5, 1, 0],
				[46875, 6, 0],
				[46875, 2, 0],
				[46968.75, 5, 0],
				[46968.75, 1, 0],
				[47062.5, 7, 0],
				[47062.5, 3, 0],
				[47156.25, 4, 0],
				[47156.25, 0, 0],
				[47250, 6, 0],
				[47250, 2, 0],
				[47437.5, 5, 0],
				[47437.5, 1, 0],
				[47625, 7, 0],
				[47625, 3, 0],
				[47718.75, 6, 0],
				[47718.75, 2, 0],
				[47812.5, 4, 0],
				[47812.5, 0, 0],
				[47906.25, 5, 0],
				[47906.25, 1, 0]
			],
			"sectionBeats": 4,
			"mustHitSection": true
		},
		{
			"sectionBeats": 4,
			"sectionNotes": [
				[48000, 3, 0],
				[48093.75, 2, 0],
				[48187.5, 1, 0],
				[48281.25, 2, 0],
				[48375, 0, 0],
				[48468.75, 1, 0],
				[48562.5, 2, 0],
				[48656.25, 3, 0],
				[48750, 1, 0],
				[48843.75, 2, 0],
				[48937.5, 1, 0],
				[49031.25, 3, 0],
				[49125, 0, 0],
				[49218.75, 1, 0],
				[49312.5, 2, 0],
				[49406.25, 1, 0]
			],
			"gfSection": false,
			"altAnim": false,
			"mustHitSection": true,
			"changeBPM": false,
			"bpm": 117
		},
		{
			"sectionBeats": 4,
			"sectionNotes": [
				[49500, 2, 0],
				[49593.75, 3, 0],
				[49687.5, 0, 0],
				[49781.25, 1, 0],
				[49875, 3, 0],
				[49968.75, 2, 0],
				[50062.5, 3, 0],
				[50156.25, 0, 0],
				[50250, 1, 0],
				[50343.75, 2, 0],
				[50437.5, 3, 0],
				[50531.25, 2, 0],
				[50625, 1, 0],
				[50718.75, 0, 0],
				[50812.5, 1, 0],
				[50906.25, 3, 0]
			],
			"gfSection": false,
			"altAnim": false,
			"mustHitSection": true,
			"changeBPM": false,
			"bpm": 117
		},
		{
			"sectionBeats": 4,
			"sectionNotes": [
				[51000, 6, 1031.25],
				[51000, 2, 1031.25],
				[52125, 5, 93.75],
				[52125, 1, 93.75],
				[52312.5, 7, 93.75],
				[52312.5, 3, 93.75]
			],
			"gfSection": false,
			"altAnim": false,
			"mustHitSection": false,
			"changeBPM": false,
			"bpm": 117
		},
		{
			"sectionBeats": 4,
			"sectionNotes": [
				[52500, 0, 0],
				[52500, 4, 0],
				[52687.5, 1, 0],
				[52687.5, 5, 0],
				[52875, 2, 0],
				[52875, 6, 0],
				[53062.5, 1, 0],
				[53062.5, 5, 0],
				[53250, 3, 0],
				[53250, 7, 0],
				[53437.5, 1, 0],
				[53437.5, 5, 0],
				[53625, 2, 0],
				[53625, 6, 0],
				[53812.5, 1, 0],
				[53812.5, 5, 0]
			],
			"gfSection": false,
			"altAnim": false,
			"mustHitSection": false,
			"changeBPM": false,
			"bpm": 117
		},
		{
			"sectionBeats": 4,
			"sectionNotes": [
				[54000, 6, 562.5],
				[54000, 2, 562.5],
				[54750, 4, 0],
				[54750, 5, 0],
				[54750, 0, 0],
				[54750, 1, 0],
				[54937.5, 5, 0],
				[54937.5, 1, 0],
				[55125, 7, 0],
				[55125, 3, 0],
				[55312.5, 6, 0],
				[55312.5, 2, 0]
			],
			"gfSection": false,
			"altAnim": false,
			"mustHitSection": false,
			"changeBPM": false,
			"bpm": 117
		},
		{
			"sectionBeats": 4,
			"sectionNotes": [
				[55500, 0, 0],
				[55500, 4, 0],
				[55687.5, 0, 0],
				[55687.5, 4, 0],
				[55875, 2, 0],
				[55875, 6, 0],
				[56062.5, 1, 0],
				[56062.5, 5, 0],
				[56250, 3, 0],
				[56250, 7, 0],
				[56437.5, 2, 0],
				[56437.5, 6, 0],
				[56625, 1, 0],
				[56625, 5, 0],
				[56812.5, 3, 0],
				[56812.5, 7, 0]
			],
			"gfSection": false,
			"altAnim": false,
			"mustHitSection": false,
			"changeBPM": false,
			"bpm": 117
		},
		{
			"sectionBeats": 4,
			"sectionNotes": [
				[57000, 1, 0],
				[57000, 5, 0],
				[57187.5, 3, 0],
				[57187.5, 7, 0],
				[57375, 2, 0],
				[57375, 6, 0],
				[57468.75, 1, 0],
				[57468.75, 5, 0],
				[57562.5, 3, 0],
				[57562.5, 7, 0],
				[57656.25, 0, 0],
				[57656.25, 4, 0],
				[57750, 2, 0],
				[57750, 6, 0],
				[57937.5, 1, 0],
				[57937.5, 5, 0],
				[58125, 3, 0],
				[58125, 7, 0],
				[58218.75, 2, 0],
				[58218.75, 6, 0],
				[58312.5, 0, 0],
				[58312.5, 4, 0],
				[58406.25, 1, 0],
				[58406.25, 5, 0]
			],
			"gfSection": false,
			"altAnim": false,
			"mustHitSection": true,
			"changeBPM": false,
			"bpm": 117
		},
		{
			"sectionBeats": 4,
			"sectionNotes": [
				[58500, 7, 0],
				[58500, 3, 0],
				[58687.5, 5, 0],
				[58687.5, 1, 0],
				[58875, 6, 0],
				[58875, 2, 0],
				[58968.75, 5, 0],
				[58968.75, 1, 0],
				[59062.5, 7, 0],
				[59062.5, 3, 0],
				[59156.25, 4, 0],
				[59156.25, 0, 0],
				[59250, 6, 0],
				[59250, 2, 0],
				[59437.5, 5, 0],
				[59437.5, 1, 0],
				[59625, 7, 0],
				[59625, 3, 0],
				[59718.75, 6, 0],
				[59718.75, 2, 0],
				[59812.5, 4, 0],
				[59812.5, 0, 0],
				[59906.25, 5, 0],
				[59906.25, 1, 0]
			],
			"gfSection": false,
			"altAnim": false,
			"mustHitSection": true,
			"changeBPM": false,
			"bpm": 117
		},
		{
			"sectionBeats": 4,
			"sectionNotes": [
				[60000, 7, 0],
				[60000, 2, 93.75],
				[60093.75, 6, 0],
				[60187.5, 5, 0],
				[60281.25, 6, 0],
				[60375, 4, 0],
				[60468.75, 5, 0],
				[60562.5, 6, 0],
				[60656.25, 7, 0],
				[60750, 5, 0],
				[60750, 1, 0],
				[60843.75, 6, 0],
				[60937.5, 5, 0],
				[61031.25, 7, 0],
				[61125, 4, 0],
				[61218.75, 5, 0],
				[61312.5, 6, 0],
				[61406.25, 5, 0]
			],
			"gfSection": false,
			"altAnim": false,
			"mustHitSection": false,
			"changeBPM": false,
			"bpm": 117
		},
		{
			"sectionBeats": 4,
			"sectionNotes": [
				[61500, 6, 0],
				[61500, 2, 0],
				[61593.75, 7, 0],
				[61687.5, 4, 0],
				[61781.25, 5, 0],
				[61875, 7, 0],
				[61968.75, 6, 0],
				[62062.5, 7, 0],
				[62156.25, 4, 0],
				[62250, 5, 0],
				[62250, 1, 0],
				[62343.75, 6, 0],
				[62437.5, 7, 0],
				[62531.25, 6, 0],
				[62625, 5, 0],
				[62718.75, 4, 0],
				[62812.5, 5, 0],
				[62906.25, 7, 0]
			],
			"gfSection": false,
			"altAnim": false,
			"mustHitSection": false,
			"changeBPM": false,
			"bpm": 117
		},
		{
			"sectionBeats": 4,
			"sectionNotes": [
				[63000, 2, 1406.25],
				[63750, 1, 656.25]
			],
			"gfSection": false,
			"altAnim": false,
			"mustHitSection": true,
			"changeBPM": false,
			"bpm": 117
		},
		{
			"sectionBeats": 4,
			"sectionNotes": [],
			"gfSection": false,
			"altAnim": false,
			"mustHitSection": true,
			"changeBPM": false,
			"bpm": 117
		},
		{
			"sectionBeats": 4,
			"sectionNotes": [],
			"gfSection": false,
			"altAnim": false,
			"mustHitSection": false,
			"changeBPM": false,
			"bpm": 117
		},
		{
			"sectionBeats": 4,
			"sectionNotes": [],
			"gfSection": false,
			"altAnim": false,
			"mustHitSection": false,
			"changeBPM": false,
			"bpm": 117
		},
		{
			"sectionBeats": 4,
			"sectionNotes": [],
			"gfSection": false,
			"altAnim": false,
			"mustHitSection": true,
			"changeBPM": false,
			"bpm": 117
		},
		{
			"sectionBeats": 4,
			"sectionNotes": [],
			"gfSection": false,
			"altAnim": false,
			"mustHitSection": true,
			"changeBPM": false,
			"bpm": 117
		},
		{
			"sectionBeats": 4,
			"sectionNotes": [],
			"gfSection": false,
			"altAnim": false,
			"mustHitSection": true,
			"changeBPM": false,
			"bpm": 117
		},
		{
			"sectionBeats": 4,
			"sectionNotes": [],
			"gfSection": false,
			"altAnim": false,
			"mustHitSection": false,
			"changeBPM": false,
			"bpm": 117
		},
		{
			"sectionBeats": 4,
			"sectionNotes": [],
			"gfSection": false,
			"altAnim": false,
			"mustHitSection": true,
			"changeBPM": false,
			"bpm": 117
		},
		{
			"sectionBeats": 4,
			"sectionNotes": [],
			"gfSection": false,
			"altAnim": false,
			"mustHitSection": false,
			"changeBPM": false,
			"bpm": 117
		},
		{
			"sectionBeats": 4,
			"sectionNotes": [
				[78000, 6, 656.25],
				[78750, 5, 656.25]
			],
			"gfSection": false,
			"altAnim": false,
			"mustHitSection": false,
			"changeBPM": false,
			"bpm": 117
		},
		{
			"sectionBeats": 4,
			"sectionNotes": [
				[79500, 6, 656.25],
				[80250, 4, 562.5]
			],
			"gfSection": false,
			"altAnim": false,
			"mustHitSection": false,
			"changeBPM": false,
			"bpm": 117
		},
		{
			"sectionBeats": 4,
			"sectionNotes": [
				[81000, 7, 656.25],
				[81750, 6, 656.25]
			],
			"gfSection": false,
			"altAnim": false,
			"mustHitSection": false,
			"changeBPM": false,
			"bpm": 117
		},
		{
			"sectionBeats": 4,
			"sectionNotes": [
				[82500, 4, 1406.25]
			],
			"gfSection": false,
			"altAnim": false,
			"mustHitSection": false,
			"changeBPM": false,
			"bpm": 117
		},
		{
			"sectionBeats": 4,
			"sectionNotes": [
				[84000, 2, 656.25],
				[84750, 1, 656.25]
			],
			"gfSection": false,
			"altAnim": false,
			"mustHitSection": true,
			"changeBPM": false,
			"bpm": 117
		},
		{
			"sectionBeats": 4,
			"sectionNotes": [
				[85500, 2, 656.25],
				[86250, 0, 562.5]
			],
			"gfSection": false,
			"altAnim": false,
			"mustHitSection": true,
			"changeBPM": false,
			"bpm": 117
		},
		{
			"sectionBeats": 4,
			"sectionNotes": [
				[87000, 3, 656.25],
				[87750, 2, 656.25]
			],
			"gfSection": false,
			"altAnim": false,
			"mustHitSection": true,
			"changeBPM": false,
			"bpm": 117
		},
		{
			"sectionBeats": 4,
			"sectionNotes": [
				[88500, 0, 1406.25]
			],
			"gfSection": false,
			"altAnim": false,
			"mustHitSection": true,
			"changeBPM": false,
			"bpm": 117
		},
		{
			"sectionBeats": 4,
			"sectionNotes": [
				[90562.5, 2, 0],
				[90656.25, 2, 0],
				[90750, 1, 0],
				[90937.5, 3, 0],
				[91125, 2, 0],
				[91312.5, 0, 281.25]
			],
			"gfSection": false,
			"altAnim": false,
			"mustHitSection": true,
			"changeBPM": false,
			"bpm": 117
		},
		{
			"sectionBeats": 4,
			"sectionNotes": [
				[92062.5, 0, 0],
				[92156.25, 0, 0],
				[92250, 2, 0],
				[92437.5, 1, 0],
				[92625, 3, 0],
				[92812.5, 2, 187.5]
			],
			"gfSection": false,
			"altAnim": false,
			"mustHitSection": true,
			"changeBPM": false,
			"bpm": 117
		},
		{
			"sectionBeats": 4,
			"sectionNotes": [
				[93562.5, 1, 0],
				[93656.25, 1, 0],
				[93750, 2, 0],
				[93937.5, 0, 0],
				[94125, 2, 0],
				[94312.5, 3, 375]
			],
			"gfSection": false,
			"altAnim": false,
			"mustHitSection": true,
			"changeBPM": false,
			"bpm": 117
		},
		{
			"sectionBeats": 4,
			"sectionNotes": [
				[95062.5, 2, 0],
				[95156.25, 2, 0],
				[95250, 1, 0],
				[95437.5, 3, 0],
				[95625, 1, 0],
				[95812.5, 0, 375]
			],
			"gfSection": false,
			"altAnim": false,
			"mustHitSection": true,
			"changeBPM": false,
			"bpm": 117
		},
		{
			"sectionBeats": 4,
			"sectionNotes": [
				[96562.5, 6, 0],
				[96656.25, 6, 0],
				[96750, 5, 0],
				[96937.5, 7, 0],
				[97125, 6, 0],
				[97312.5, 4, 281.25]
			],
			"gfSection": false,
			"altAnim": false,
			"mustHitSection": false,
			"changeBPM": false,
			"bpm": 117
		},
		{
			"sectionBeats": 4,
			"sectionNotes": [
				[98062.5, 4, 0],
				[98156.25, 4, 0],
				[98250, 6, 0],
				[98437.5, 5, 0],
				[98625, 7, 0],
				[98812.5, 6, 187.5]
			],
			"gfSection": false,
			"altAnim": false,
			"mustHitSection": false,
			"changeBPM": false,
			"bpm": 117
		},
		{
			"sectionBeats": 4,
			"sectionNotes": [
				[99562.5, 5, 0],
				[99656.25, 5, 0],
				[99750, 6, 0],
				[99937.5, 4, 0],
				[100125, 6, 0],
				[100312.5, 7, 375]
			],
			"gfSection": false,
			"altAnim": false,
			"mustHitSection": false,
			"changeBPM": false,
			"bpm": 117
		},
		{
			"sectionBeats": 4,
			"sectionNotes": [
				[101062.5, 5, 0],
				[101156.25, 5, 0],
				[101250, 6, 0],
				[101437.5, 4, 0],
				[101625, 6, 0],
				[101812.5, 7, 375]
			],
			"gfSection": false,
			"altAnim": false,
			"mustHitSection": false,
			"changeBPM": false,
			"bpm": 117
		},
		{
			"sectionBeats": 4,
			"sectionNotes": [
				[102000, 2, 0],
				[102281.25, 2, 0],
				[102562.5, 1, 0],
				[103125, 1, 0],
				[103312.5, 2, 0]
			],
			"gfSection": false,
			"altAnim": false,
			"mustHitSection": true,
			"changeBPM": false,
			"bpm": 117
		},
		{
			"sectionBeats": 4,
			"sectionNotes": [
				[103500, 3, 93.75],
				[103687.5, 2, 93.75],
				[103875, 0, 93.75],
				[104062.5, 1, 93.75],
				[104250, 3, 93.75],
				[104437.5, 2, 93.75],
				[104625, 0, 281.25]
			],
			"gfSection": false,
			"altAnim": false,
			"mustHitSection": true,
			"changeBPM": false,
			"bpm": 117
		},
		{
			"sectionBeats": 4,
			"sectionNotes": [
				[105000, 2, 93.75],
				[105281.25, 1, 93.75],
				[105562.5, 3, 93.75],
				[105937.5, 2, 0],
				[106031.25, 1, 0],
				[106125, 3, 0],
				[106312.5, 2, 0]
			],
			"gfSection": false,
			"altAnim": false,
			"mustHitSection": true,
			"changeBPM": false,
			"bpm": 117
		},
		{
			"sectionBeats": 4,
			"sectionNotes": [
				[106500, 1, 0],
				[106687.5, 2, 0],
				[106875, 0, 0],
				[107062.5, 1, 0],
				[107250, 3, 656.25],
				[107531.25, 2, 375]
			],
			"gfSection": false,
			"altAnim": false,
			"mustHitSection": true,
			"changeBPM": false,
			"bpm": 117
		},
		{
			"sectionBeats": 4,
			"sectionNotes": [
				[108000, 6, 0],
				[108000, 2, 656.25],
				[108281.25, 6, 0],
				[108562.5, 5, 0],
				[108750, 1, 656.25],
				[109125, 5, 0],
				[109312.5, 6, 0]
			],
			"gfSection": false,
			"altAnim": false,
			"mustHitSection": false,
			"changeBPM": false,
			"bpm": 117
		},
		{
			"sectionBeats": 4,
			"sectionNotes": [
				[109500, 7, 93.75],
				[109500, 0, 656.25],
				[109687.5, 6, 93.75],
				[109875, 4, 93.75],
				[110062.5, 5, 93.75],
				[110250, 7, 93.75],
				[110250, 2, 656.25],
				[110437.5, 6, 93.75],
				[110625, 4, 281.25]
			],
			"gfSection": false,
			"altAnim": false,
			"mustHitSection": false,
			"changeBPM": false,
			"bpm": 117
		},
		{
			"sectionBeats": 4,
			"sectionNotes": [
				[111000, 6, 93.75],
				[111000, 1, 656.25],
				[111281.25, 5, 93.75],
				[111562.5, 7, 93.75],
				[111750, 2, 656.25],
				[111937.5, 6, 0],
				[112031.25, 5, 0],
				[112125, 7, 0],
				[112312.5, 6, 0]
			],
			"gfSection": false,
			"altAnim": false,
			"mustHitSection": false,
			"changeBPM": false,
			"bpm": 117
		},
		{
			"sectionBeats": 4,
			"sectionNotes": [
				[112500, 5, 0],
				[112500, 0, 1406.25],
				[112687.5, 6, 0],
				[112875, 4, 0],
				[113062.5, 5, 0],
				[113250, 7, 656.25],
				[113250, 1, 656.25],
				[113531.25, 6, 375]
			],
			"gfSection": false,
			"altAnim": false,
			"mustHitSection": false,
			"changeBPM": false,
			"bpm": 117
		},
		{
			"sectionBeats": 4,
			"sectionNotes": [
				[114000, 4, 0],
				[114187.5, 5, 0],
				[114281.25, 6, 0],
				[114375, 4, 0],
				[114562.5, 5, 0],
				[114750, 7, 0],
				[114937.5, 6, 0],
				[115031.25, 5, 0],
				[115218.75, 7, 0],
				[115312.5, 6, 0]
			],
			"gfSection": false,
			"altAnim": false,
			"mustHitSection": false,
			"changeBPM": false,
			"bpm": 117
		},
		{
			"sectionBeats": 4,
			"sectionNotes": [
				[115500, 5, 0],
				[115593.75, 5, 0],
				[115687.5, 6, 0],
				[115781.25, 4, 0],
				[115875, 6, 0],
				[115968.75, 7, 0],
				[116062.5, 5, 0],
				[116250, 6, 0],
				[116437.5, 5, 0],
				[116531.25, 6, 0],
				[116718.75, 5, 0],
				[116812.5, 7, 0]
			],
			"gfSection": false,
			"altAnim": false,
			"mustHitSection": false,
			"changeBPM": false,
			"bpm": 117
		},
		{
			"sectionBeats": 4,
			"sectionNotes": [
				[117000, 6, 0],
				[117093.75, 6, 0],
				[117187.5, 5, 0],
				[117281.25, 7, 0],
				[117375, 4, 0],
				[117468.75, 6, 0],
				[117562.5, 5, 0],
				[117656.25, 7, 0],
				[117750, 6, 0],
				[117937.5, 6, 0],
				[118031.25, 5, 0],
				[118218.75, 6, 0],
				[118312.5, 7, 0]
			],
			"gfSection": false,
			"altAnim": false,
			"mustHitSection": false,
			"changeBPM": false,
			"bpm": 117
		},
		{
			"sectionBeats": 4,
			"sectionNotes": [
				[118500, 4, 0],
				[118687.5, 5, 0],
				[118875, 7, 0],
				[118968.75, 7, 0],
				[119062.5, 6, 0],
				[119250, 5, 93.75],
				[119437.5, 6, 0],
				[119625, 4, 0],
				[119718.75, 4, 0],
				[119812.5, 5, 0]
			],
			"gfSection": false,
			"altAnim": false,
			"mustHitSection": false,
			"changeBPM": false,
			"bpm": 117
		},
		{
			"sectionBeats": 4,
			"sectionNotes": [
				[120000, 0, 0],
				[120187.5, 1, 0],
				[120281.25, 2, 0],
				[120375, 0, 0],
				[120562.5, 1, 0],
				[120750, 3, 0],
				[120937.5, 2, 0],
				[121031.25, 1, 0],
				[121218.75, 3, 0],
				[121312.5, 2, 0]
			],
			"gfSection": false,
			"altAnim": false,
			"mustHitSection": true,
			"changeBPM": false,
			"bpm": 117
		},
		{
			"sectionBeats": 4,
			"sectionNotes": [
				[121500, 1, 0],
				[121593.75, 1, 0],
				[121687.5, 2, 0],
				[121781.25, 0, 0],
				[121875, 2, 0],
				[121968.75, 3, 0],
				[122062.5, 1, 0],
				[122250, 2, 0],
				[122437.5, 1, 0],
				[122531.25, 2, 0],
				[122718.75, 1, 0],
				[122812.5, 3, 0]
			],
			"gfSection": false,
			"altAnim": false,
			"mustHitSection": true,
			"changeBPM": false,
			"bpm": 117
		},
		{
			"sectionBeats": 4,
			"sectionNotes": [
				[123000, 2, 0],
				[123093.75, 2, 0],
				[123187.5, 1, 0],
				[123281.25, 3, 0],
				[123375, 0, 0],
				[123468.75, 2, 0],
				[123562.5, 1, 0],
				[123656.25, 3, 0],
				[123750, 2, 0],
				[123937.5, 2, 0],
				[124031.25, 1, 0],
				[124218.75, 2, 0],
				[124312.5, 3, 0]
			],
			"gfSection": false,
			"altAnim": false,
			"mustHitSection": true,
			"changeBPM": false,
			"bpm": 117
		},
		{
			"sectionBeats": 4,
			"sectionNotes": [
				[124500, 0, 0],
				[124687.5, 1, 0],
				[124875, 3, 0],
				[124968.75, 3, 0],
				[125062.5, 2, 0],
				[125250, 1, 93.75],
				[125437.5, 2, 0],
				[125625, 0, 0],
				[125718.75, 0, 0],
				[125812.5, 1, 0]
			],
			"gfSection": false,
			"altAnim": false,
			"mustHitSection": true,
			"changeBPM": false,
			"bpm": 117
		},
		{
			"sectionBeats": 4,
			"sectionNotes": [
				[126000, 2, 0],
				[126187.5, 1, 0],
				[126375, 3, 281.25],
				[126750, 2, 0],
				[126937.5, 1, 0],
				[127125, 3, 187.5]
			],
			"gfSection": false,
			"altAnim": false,
			"mustHitSection": true,
			"changeBPM": false,
			"bpm": 117
		},
		{
			"typeOfSection": 0,
			"sectionNotes": [
				[127500, 0, 0],
				[127687.5, 0, 0],
				[127875, 1, 0],
				[127968.75, 3, 0],
				[128062.5, 2, 0],
				[128156.25, 0, 0],
				[128250, 2, 187.5],
				[128531.25, 1, 187.5],
				[128812.5, 3, 93.75]
			],
			"sectionBeats": 4,
			"altAnim": false,
			"gfSection": false,
			"bpm": 117,
			"changeBPM": false,
			"mustHitSection": true
		},
		{
			"typeOfSection": 0,
			"sectionNotes": [
				[129000, 2, 0],
				[129281.25, 2, 0],
				[129562.5, 1, 0],
				[129750, 2, 0],
				[130031.25, 0, 0],
				[130312.5, 3, 0]
			],
			"sectionBeats": 4,
			"altAnim": false,
			"gfSection": false,
			"bpm": 117,
			"changeBPM": false,
			"mustHitSection": true
		},
		{
			"typeOfSection": 0,
			"sectionNotes": [
				[130500, 2, 0],
				[130593.75, 1, 0],
				[130687.5, 3, 0],
				[130781.25, 2, 0],
				[130875, 0, 0],
				[130968.75, 1, 0],
				[131062.5, 3, 0],
				[131156.25, 2, 0],
				[131250, 0, 281.25],
				[131625, 1, 281.25]
			],
			"sectionBeats": 4,
			"altAnim": false,
			"gfSection": false,
			"bpm": 117,
			"changeBPM": false,
			"mustHitSection": true
		},
		{
			"typeOfSection": 0,
			"sectionNotes": [
				[132000, 2, 187.5],
				[132000, 6, 0],
				[132187.5, 5, 0],
				[132375, 7, 281.25],
				[132750, 6, 0],
				[132750, 0, 187.5],
				[132937.5, 5, 0],
				[133125, 7, 187.5]
			],
			"sectionBeats": 4,
			"altAnim": false,
			"gfSection": false,
			"bpm": 117,
			"changeBPM": false,
			"mustHitSection": false
		},
		{
			"typeOfSection": 0,
			"sectionNotes": [
				[133500, 4, 0],
				[133500, 1, 281.25],
				[133687.5, 4, 0],
				[133875, 5, 0],
				[133968.75, 7, 0],
				[134062.5, 6, 0],
				[134156.25, 4, 0],
				[134250, 6, 187.5],
				[134250, 2, 281.25],
				[134531.25, 5, 187.5],
				[134812.5, 7, 93.75]
			],
			"sectionBeats": 4,
			"altAnim": false,
			"gfSection": false,
			"bpm": 117,
			"changeBPM": false,
			"mustHitSection": false
		},
		{
			"typeOfSection": 0,
			"sectionNotes": [
				[135000, 6, 0],
				[135000, 3, 281.25],
				[135281.25, 6, 0],
				[135562.5, 5, 0],
				[135750, 6, 0],
				[135750, 2, 281.25],
				[136031.25, 4, 0],
				[136312.5, 7, 0]
			],
			"sectionBeats": 4,
			"altAnim": false,
			"gfSection": false,
			"bpm": 117,
			"changeBPM": false,
			"mustHitSection": false
		},
		{
			"sectionBeats": 4,
			"sectionNotes": [
				[136500, 6, 0],
				[136500, 0, 281.25],
				[136593.75, 5, 0],
				[136687.5, 7, 0],
				[136781.25, 6, 0],
				[136875, 4, 0],
				[136968.75, 5, 0],
				[137062.5, 7, 0],
				[137156.25, 6, 0],
				[137250, 4, 281.25],
				[137250, 2, 281.25],
				[137625, 5, 281.25]
			],
			"typeOfSection": 0,
			"gfSection": false,
			"altAnim": false,
			"mustHitSection": false,
			"changeBPM": false,
			"bpm": 117
		},
		{
			"sectionBeats": 4,
			"sectionNotes": [
				[138000, 6, 0],
				[138187.5, 5, 0],
				[138375, 7, 0],
				[138656.25, 6, 0],
				[138937.5, 5, 0],
				[139125, 6, 0],
				[139406.25, 4, 0]
			],
			"typeOfSection": 0,
			"gfSection": false,
			"altAnim": false,
			"mustHitSection": false,
			"changeBPM": false,
			"bpm": 117
		},
		{
			"typeOfSection": 0,
			"sectionNotes": [
				[139687.5, 5, 0],
				[140156.25, 6, 0],
				[140156.25, 5, 0],
				[140250, 7, 0],
				[140437.5, 6, 0],
				[140625, 4, 0],
				[140812.5, 5, 0]
			],
			"sectionBeats": 4,
			"altAnim": false,
			"gfSection": false,
			"bpm": 117,
			"changeBPM": false,
			"mustHitSection": false
		},
		{
			"typeOfSection": 0,
			"sectionNotes": [
				[141000, 6, 0],
				[141281.25, 5, 0],
				[141562.5, 7, 0],
				[141843.75, 6, 0],
				[142125, 5, 0],
				[142312.5, 6, 0]
			],
			"sectionBeats": 4,
			"altAnim": false,
			"gfSection": false,
			"bpm": 117,
			"changeBPM": false,
			"mustHitSection": false
		},
		{
			"typeOfSection": 0,
			"sectionNotes": [
				[142500, 4, 187.5],
				[142781.25, 5, 0],
				[142875, 6, 0],
				[143062.5, 5, 0],
				[143250, 7, 93.75],
				[143437.5, 6, 93.75],
				[143625, 4, 93.75],
				[143812.5, 5, 93.75]
			],
			"sectionBeats": 4,
			"altAnim": false,
			"gfSection": false,
			"bpm": 117,
			"changeBPM": false,
			"mustHitSection": false
		},
		{
			"typeOfSection": 0,
			"sectionNotes": [
				[144000, 2, 0],
				[144000, 6, 93.75],
				[144187.5, 1, 0],
				[144187.5, 5, 0],
				[144375, 3, 0],
				[144656.25, 2, 0],
				[144937.5, 1, 0],
				[145125, 2, 0],
				[145125, 7, 0],
				[145312.5, 6, 0],
				[145406.25, 0, 0]
			],
			"sectionBeats": 4,
			"altAnim": false,
			"gfSection": false,
			"bpm": 117,
			"changeBPM": false,
			"mustHitSection": true
		},
		{
			"typeOfSection": 0,
			"sectionNotes": [
				[145687.5, 1, 0],
				[145875, 4, 0],
				[146062.5, 1, 0],
				[146062.5, 5, 0],
				[146250, 3, 0],
				[146437.5, 2, 0],
				[146625, 0, 0],
				[146625, 5, 0],
				[146812.5, 1, 0],
				[146812.5, 6, 0]
			],
			"sectionBeats": 4,
			"altAnim": false,
			"gfSection": false,
			"bpm": 117,
			"changeBPM": false,
			"mustHitSection": true
		},
		{
			"typeOfSection": 0,
			"sectionNotes": [
				[147000, 2, 0],
				[147000, 5, 0],
				[147187.5, 5, 0],
				[147281.25, 1, 0],
				[147562.5, 3, 0],
				[147750, 7, 0],
				[147843.75, 2, 0],
				[147937.5, 6, 0],
				[148125, 1, 0],
				[148312.5, 2, 0]
			],
			"sectionBeats": 4,
			"altAnim": false,
			"gfSection": false,
			"bpm": 117,
			"changeBPM": false,
			"mustHitSection": true
		},
		{
			"sectionBeats": 4,
			"sectionNotes": [
				[148500, 0, 93.75],
				[148500, 5, 0],
				[148687.5, 3, 0],
				[148687.5, 6, 0],
				[148781.25, 1, 0],
				[148875, 2, 0],
				[149062.5, 1, 0],
				[149250, 3, 93.75],
				[149250, 7, 93.75],
				[149437.5, 2, 93.75],
				[149437.5, 6, 0],
				[149625, 0, 93.75],
				[149812.5, 1, 93.75]
			],
			"typeOfSection": 0,
			"gfSection": false,
			"altAnim": false,
			"mustHitSection": true,
			"changeBPM": false,
			"bpm": 117
		},
		{
			"typeOfSection": 0,
			"sectionNotes": [
				[150000, 6, 0],
				[150000, 2, 93.75],
				[150187.5, 5, 0],
				[150187.5, 1, 0],
				[150375, 7, 0],
				[150656.25, 6, 0],
				[150937.5, 5, 0],
				[151125, 6, 0],
				[151125, 3, 0],
				[151312.5, 2, 0],
				[151406.25, 4, 0]
			],
			"sectionBeats": 4,
			"altAnim": false,
			"gfSection": false,
			"bpm": 117,
			"changeBPM": false,
			"mustHitSection": false
		},
		{
			"typeOfSection": 0,
			"sectionNotes": [
				[151687.5, 5, 0],
				[151875, 0, 0],
				[152062.5, 5, 0],
				[152062.5, 1, 0],
				[152250, 7, 0],
				[152437.5, 6, 0],
				[152625, 4, 0],
				[152625, 1, 0],
				[152812.5, 5, 0],
				[152812.5, 2, 0]
			],
			"sectionBeats": 4,
			"altAnim": false,
			"gfSection": false,
			"bpm": 117,
			"changeBPM": false,
			"mustHitSection": false
		},
		{
			"sectionBeats": 4,
			"sectionNotes": [
				[153000, 6, 0],
				[153000, 1, 0],
				[153187.5, 1, 0],
				[153281.25, 5, 0],
				[153562.5, 7, 0],
				[153750, 3, 0],
				[153843.75, 6, 0],
				[153937.5, 2, 0],
				[154125, 5, 0],
				[154312.5, 6, 0]
			],
			"typeOfSection": 0,
			"gfSection": false,
			"altAnim": false,
			"mustHitSection": false,
			"changeBPM": false,
			"bpm": 117
		},
		{
			"sectionBeats": 4,
			"sectionNotes": [
				[154500, 4, 93.75],
				[154500, 1, 0],
				[154687.5, 7, 0],
				[154687.5, 2, 0],
				[154781.25, 5, 0],
				[154875, 6, 0],
				[155062.5, 5, 0],
				[155250, 7, 93.75],
				[155250, 3, 93.75],
				[155437.5, 6, 93.75],
				[155437.5, 2, 0],
				[155625, 4, 93.75],
				[155812.5, 5, 93.75]
			],
			"typeOfSection": 0,
			"gfSection": false,
			"altAnim": false,
			"mustHitSection": false,
			"changeBPM": false,
			"bpm": 117
		},
		{
			"sectionBeats": 4,
			"sectionNotes": [
				[156000, 2, 0],
				[156000, 6, 93.75],
				[156187.5, 1, 0],
				[156187.5, 5, 0],
				[156375, 3, 0],
				[156656.25, 2, 0],
				[156937.5, 1, 0],
				[157125, 2, 0],
				[157125, 7, 0],
				[157312.5, 6, 0],
				[157406.25, 0, 0]
			],
			"typeOfSection": 0,
			"gfSection": false,
			"altAnim": false,
			"mustHitSection": true,
			"changeBPM": false,
			"bpm": 117
		},
		{
			"sectionBeats": 4,
			"sectionNotes": [
				[157687.5, 1, 0],
				[157875, 4, 0],
				[158062.5, 1, 0],
				[158062.5, 5, 0],
				[158250, 3, 0],
				[158437.5, 2, 0],
				[158625, 0, 0],
				[158625, 5, 0],
				[158812.5, 1, 0],
				[158812.5, 6, 0]
			],
			"typeOfSection": 0,
			"gfSection": false,
			"altAnim": false,
			"mustHitSection": true,
			"changeBPM": false,
			"bpm": 117
		},
		{
			"sectionBeats": 4,
			"sectionNotes": [
				[159000, 2, 0],
				[159000, 5, 0],
				[159187.5, 5, 0],
				[159281.25, 1, 0],
				[159562.5, 3, 0],
				[159750, 7, 0],
				[159843.75, 2, 0],
				[159937.5, 6, 0],
				[160125, 1, 0],
				[160312.5, 2, 0]
			],
			"typeOfSection": 0,
			"gfSection": false,
			"altAnim": false,
			"mustHitSection": true,
			"changeBPM": false,
			"bpm": 117
		},
		{
			"sectionBeats": 4,
			"sectionNotes": [
				[160500, 0, 93.75],
				[160500, 5, 0],
				[160687.5, 3, 0],
				[160687.5, 6, 0],
				[160781.25, 1, 0],
				[160875, 2, 0],
				[161062.5, 1, 0],
				[161250, 3, 93.75],
				[161250, 7, 93.75],
				[161437.5, 2, 93.75],
				[161437.5, 6, 0],
				[161625, 0, 93.75],
				[161812.5, 1, 93.75]
			],
			"typeOfSection": 0,
			"gfSection": false,
			"altAnim": false,
			"mustHitSection": true,
			"changeBPM": false,
			"bpm": 117
		},
		{
			"sectionBeats": 4,
			"sectionNotes": [
				[162000, 6, 1031.25],
				[162000, 2, 1031.25],
				[163125, 5, 93.75],
				[163125, 1, 93.75],
				[163312.5, 7, 93.75],
				[163312.5, 3, 93.75]
			],
			"typeOfSection": 0,
			"gfSection": false,
			"altAnim": false,
			"mustHitSection": false,
			"changeBPM": false,
			"bpm": 117
		},
		{
			"typeOfSection": 0,
			"sectionNotes": [
				[163500, 6, 0],
				[163500, 2, 0],
				[163687.5, 5, 0],
				[163687.5, 1, 0],
				[163875, 7, 0],
				[163875, 3, 0],
				[164062.5, 6, 0],
				[164062.5, 2, 0],
				[164250, 4, 0],
				[164250, 0, 0],
				[164437.5, 5, 0],
				[164437.5, 1, 0],
				[164625, 6, 0],
				[164625, 2, 0],
				[164812.5, 5, 0],
				[164812.5, 1, 0]
			],
			"sectionBeats": 4,
			"altAnim": false,
			"gfSection": false,
			"bpm": 117,
			"changeBPM": false,
			"mustHitSection": true
		},
		{
			"typeOfSection": 0,
			"sectionNotes": [
				[165000, 6, 656.25],
				[165000, 2, 656.25],
				[165750, 4, 93.75],
				[165750, 0, 93.75],
				[165937.5, 5, 0],
				[165937.5, 1, 0],
				[166125, 7, 0],
				[166125, 3, 0],
				[166312.5, 6, 0],
				[166312.5, 2, 0]
			],
			"sectionBeats": 4,
			"altAnim": false,
			"gfSection": false,
			"bpm": 125,
			"changeBPM": false,
			"mustHitSection": false
		},
		{
			"typeOfSection": 0,
			"sectionNotes": [
				[166500, 5, 0],
				[166500, 1, 0],
				[166687.5, 5, 0],
				[166687.5, 1, 0],
				[166875, 6, 0],
				[166875, 2, 0],
				[167062.5, 5, 0],
				[167062.5, 1, 0],
				[167250, 7, 0],
				[167250, 3, 0],
				[167437.5, 6, 0],
				[167437.5, 2, 0],
				[167625, 4, 0],
				[167625, 0, 0],
				[167812.5, 5, 0],
				[167812.5, 1, 0]
			],
			"sectionBeats": 4,
			"altAnim": false,
			"gfSection": false,
			"bpm": 125,
			"changeBPM": false,
			"mustHitSection": true
		},
		{
			"typeOfSection": 0,
			"sectionNotes": [
				[168000, 6, 0],
				[168000, 2, 0],
				[168187.5, 6, 0],
				[168187.5, 2, 0],
				[168375, 5, 0],
				[168375, 1, 0],
				[168468.75, 7, 0],
				[168468.75, 3, 0],
				[168562.5, 6, 0],
				[168562.5, 2, 0],
				[168656.25, 4, 0],
				[168656.25, 0, 0],
				[168750, 6, 0],
				[168750, 2, 0],
				[168843.75, 5, 0],
				[168843.75, 1, 0],
				[169031.25, 7, 0],
				[169031.25, 3, 0],
				[169125, 6, 0],
				[169125, 2, 0],
				[169218.75, 4, 0],
				[169218.75, 0, 0],
				[169312.5, 5, 0],
				[169312.5, 1, 0],
				[169406.25, 7, 0],
				[169406.25, 3, 0]
			],
			"sectionBeats": 4,
			"altAnim": false,
			"gfSection": false,
			"bpm": 125,
			"changeBPM": false,
			"mustHitSection": false
		},
		{
			"typeOfSection": 0,
			"sectionNotes": [
				[169500, 6, 0],
				[169500, 2, 0],
				[169687.5, 5, 0],
				[169687.5, 1, 0],
				[169875, 7, 0],
				[169875, 3, 0],
				[169968.75, 6, 0],
				[169968.75, 2, 0],
				[170062.5, 4, 0],
				[170062.5, 0, 0],
				[170156.25, 7, 0],
				[170156.25, 3, 0],
				[170250, 5, 0],
				[170250, 1, 0],
				[170437.5, 6, 0],
				[170437.5, 2, 0],
				[170625, 5, 0],
				[170625, 1, 0],
				[170718.75, 6, 0],
				[170718.75, 2, 0],
				[170812.5, 4, 0],
				[170812.5, 0, 0],
				[170906.25, 7, 0],
				[170906.25, 3, 0]
			],
			"sectionBeats": 4,
			"altAnim": false,
			"gfSection": false,
			"bpm": 125,
			"changeBPM": false,
			"mustHitSection": true
		},
		{
			"typeOfSection": 0,
			"sectionNotes": [
				[171000, 0, 0],
				[171093.75, 1, 0],
				[171187.5, 2, 0],
				[171281.25, 3, 0],
				[171375, 2, 0],
				[171468.75, 1, 0],
				[171562.5, 0, 0],
				[171656.25, 1, 0],
				[171750, 2, 0],
				[171843.75, 3, 0],
				[171937.5, 2, 0],
				[172031.25, 1, 0],
				[172125, 0, 0],
				[172218.75, 1, 0],
				[172312.5, 2, 0],
				[172406.25, 3, 0]
			],
			"sectionBeats": 4,
			"altAnim": false,
			"gfSection": false,
			"bpm": 125,
			"changeBPM": false,
			"mustHitSection": true
		},
		{
			"typeOfSection": 0,
			"sectionNotes": [
				[172500, 2, 0],
				[172593.75, 1, 0],
				[172687.5, 0, 0],
				[172781.25, 1, 0],
				[172875, 2, 0],
				[172968.75, 3, 0],
				[173062.5, 2, 0],
				[173156.25, 1, 0],
				[173250, 0, 0],
				[173343.75, 1, 0],
				[173437.5, 2, 0],
				[173531.25, 3, 0],
				[173625, 2, 0],
				[173718.75, 1, 0],
				[173812.5, 0, 0],
				[173906.25, 1, 0]
			],
			"sectionBeats": 4,
			"altAnim": false,
			"gfSection": false,
			"bpm": 125,
			"changeBPM": false,
			"mustHitSection": true
		},
		{
			"typeOfSection": 0,
			"sectionNotes": [
				[174000, 2, 1031.25],
				[174000, 6, 1031.25],
				[175125, 1, 93.75],
				[175125, 5, 93.75],
				[175312.5, 3, 93.75],
				[175312.5, 7, 93.75]
			],
			"sectionBeats": 4,
			"altAnim": false,
			"gfSection": false,
			"bpm": 125,
			"changeBPM": false,
			"mustHitSection": true
		},
		{
			"typeOfSection": 0,
			"sectionNotes": [
				[175500, 2, 0],
				[175500, 6, 0],
				[175687.5, 1, 0],
				[175687.5, 5, 0],
				[175875, 3, 0],
				[175875, 7, 0],
				[176062.5, 2, 0],
				[176062.5, 6, 0],
				[176250, 0, 0],
				[176250, 4, 0],
				[176437.5, 1, 0],
				[176437.5, 5, 0],
				[176625, 2, 0],
				[176625, 6, 0],
				[176812.5, 1, 0],
				[176812.5, 5, 0]
			],
			"sectionBeats": 4,
			"altAnim": false,
			"gfSection": false,
			"bpm": 125,
			"changeBPM": false,
			"mustHitSection": false
		},
		{
			"typeOfSection": 0,
			"sectionNotes": [
				[177000, 2, 656.25],
				[177000, 6, 656.25],
				[177750, 0, 93.75],
				[177750, 4, 93.75],
				[177937.5, 1, 0],
				[177937.5, 5, 0],
				[178125, 3, 0],
				[178125, 7, 0],
				[178312.5, 2, 0],
				[178312.5, 6, 0]
			],
			"sectionBeats": 4,
			"altAnim": false,
			"gfSection": false,
			"bpm": 125,
			"changeBPM": false,
			"mustHitSection": true
		},
		{
			"sectionBeats": 4,
			"sectionNotes": [
				[178500, 1, 0],
				[178500, 5, 0],
				[178687.5, 1, 0],
				[178687.5, 5, 0],
				[178875, 2, 0],
				[178875, 6, 0],
				[179062.5, 1, 0],
				[179062.5, 5, 0],
				[179250, 3, 0],
				[179250, 7, 0],
				[179437.5, 2, 0],
				[179437.5, 6, 0],
				[179625, 0, 0],
				[179625, 4, 0],
				[179812.5, 1, 0],
				[179812.5, 5, 0]
			],
			"typeOfSection": 0,
			"gfSection": false,
			"altAnim": false,
			"mustHitSection": false,
			"changeBPM": false,
			"bpm": 125
		},
		{
			"sectionBeats": 4,
			"sectionNotes": [
				[180000, 2, 0],
				[180000, 6, 0],
				[180187.5, 2, 0],
				[180187.5, 6, 0],
				[180375, 1, 0],
				[180375, 5, 0],
				[180468.75, 3, 0],
				[180468.75, 7, 0],
				[180562.5, 2, 0],
				[180562.5, 6, 0],
				[180656.25, 0, 0],
				[180656.25, 4, 0],
				[180750, 2, 0],
				[180750, 6, 0],
				[180843.75, 1, 0],
				[180843.75, 5, 0],
				[181031.25, 3, 0],
				[181031.25, 7, 0],
				[181125, 2, 0],
				[181125, 6, 0],
				[181218.75, 0, 0],
				[181218.75, 4, 0],
				[181312.5, 1, 0],
				[181312.5, 5, 0],
				[181406.25, 3, 0],
				[181406.25, 7, 0]
			],
			"typeOfSection": 0,
			"gfSection": false,
			"altAnim": false,
			"mustHitSection": true,
			"changeBPM": false,
			"bpm": 125
		},
		{
			"typeOfSection": 0,
			"sectionNotes": [
				[181500, 2, 0],
				[181500, 6, 0],
				[181687.5, 1, 0],
				[181687.5, 5, 0],
				[181875, 3, 0],
				[181875, 7, 0],
				[181968.75, 2, 0],
				[181968.75, 6, 0],
				[182062.5, 0, 0],
				[182062.5, 4, 0],
				[182156.25, 3, 0],
				[182156.25, 7, 0],
				[182250, 1, 0],
				[182250, 5, 0],
				[182437.5, 2, 0],
				[182437.5, 6, 0],
				[182625, 1, 0],
				[182625, 5, 0],
				[182718.75, 2, 0],
				[182718.75, 6, 0],
				[182812.5, 0, 0],
				[182812.5, 4, 0],
				[182906.25, 3, 0],
				[182906.25, 7, 0]
			],
			"sectionBeats": 4,
			"altAnim": false,
			"gfSection": false,
			"bpm": 125,
			"changeBPM": false,
			"mustHitSection": false
		},
		{
			"sectionBeats": 4,
			"sectionNotes": [
				[183000, 4, 0],
				[183000, 2, 0],
				[183093.75, 5, 0],
				[183187.5, 6, 0],
				[183281.25, 7, 0],
				[183375, 6, 0],
				[183468.75, 5, 0],
				[183562.5, 4, 0],
				[183656.25, 5, 0],
				[183750, 6, 0],
				[183750, 1, 0],
				[183843.75, 7, 0],
				[183937.5, 6, 0],
				[184031.25, 5, 0],
				[184125, 4, 0],
				[184218.75, 5, 0],
				[184312.5, 6, 0],
				[184406.25, 7, 0]
			],
			"typeOfSection": 0,
			"gfSection": false,
			"altAnim": false,
			"mustHitSection": false,
			"changeBPM": false,
			"bpm": 125
		},
		{
			"sectionBeats": 4,
			"sectionNotes": [
				[184500, 6, 0],
				[184500, 2, 0],
				[184593.75, 5, 0],
				[184687.5, 4, 0],
				[184781.25, 5, 0],
				[184875, 6, 0],
				[184968.75, 7, 0],
				[185062.5, 6, 0],
				[185156.25, 5, 0],
				[185250, 4, 0],
				[185250, 3, 0],
				[185343.75, 5, 0],
				[185437.5, 6, 0],
				[185531.25, 7, 0],
				[185625, 6, 0],
				[185718.75, 5, 0],
				[185812.5, 4, 0],
				[185906.25, 5, 0]
			],
			"typeOfSection": 0,
			"gfSection": false,
			"altAnim": false,
			"mustHitSection": false,
			"changeBPM": false,
			"bpm": 125
		},
		{
			"sectionBeats": 4,
			"sectionNotes": [
				[186000, 2, 1687.5]
			],
			"typeOfSection": 0,
			"gfSection": false,
			"altAnim": false,
			"mustHitSection": true,
			"changeBPM": false,
			"bpm": 125
		},
		{
			"typeOfSection": 0,
			"sectionNotes": [],
			"sectionBeats": 4,
			"altAnim": false,
			"gfSection": false,
			"bpm": 125,
			"changeBPM": false,
			"mustHitSection": true
		},
		{
			"typeOfSection": 0,
			"sectionNotes": [],
			"sectionBeats": 4,
			"altAnim": false,
			"gfSection": false,
			"bpm": 160,
			"changeBPM": false,
			"mustHitSection": true
		}
	],
	"player2": "6H",
	"player3": null,
	"disableNoteRGB": false,
	"song": "Afterglow",
	"validScore": true,
	"stage": "cw",
	"arrowSkin": "NOTE_assets",
	"needsVoices": true,
	"bpm": 160,
	"speed": 3.1,
	"format": "psych_v1_convert"
}