{
	"player1": "bf",
	"gfVersion": "gf",
	"notes": [
		{
			"sectionBeats": 4,
			"sectionNotes": [
				[8.33333333333333, 5, 0],
				[200, 4, 0],
				[375, 6, 0],
				[600, 4, 0],
				[700, 7, 0],
				[1025, 6, 0],
				[1200, 4, 0],
				[1250, 5, 0],
				[1525, 4, 0]
			],
			"typeOfSection": 0,
			"gfSection": false,
			"altAnim": false,
			"mustHitSection": false,
			"changeBPM": false,
			"bpm": 150
		},
		{
			"sectionBeats": 4,
			"sectionNotes": [
				[1600, 6, 0],
				[1850, 7, 0],
				[1950, 4, 0],
				[2050, 6, 0],
				[2325, 7, 0],
				[2325, 5, 0],
				[2525, 4, 0],
				[2700, 6, 0],
				[2875, 5, 0],
				[3025, 4, 0],
				[3025, 6, 0]
			],
			"typeOfSection": 0,
			"gfSection": false,
			"altAnim": false,
			"mustHitSection": false,
			"changeBPM": false,
			"bpm": 150
		},
		{
			"sectionBeats": 4,
			"sectionNotes": [
				[3300, 5, 0],
				[3400, 7, 0],
				[3600, 4, 0],
				[3600, 6, 0],
				[3850, 5, 0],
				[4025, 6, 0],
				[4025, 7, 0],
				[4300, 4, 0],
				[4525, 5, 0],
				[4675, 7, 0]
			],
			"typeOfSection": 0,
			"gfSection": false,
			"altAnim": false,
			"mustHitSection": false,
			"changeBPM": false,
			"bpm": 150
		},
		{
			"sectionBeats": 4,
			"sectionNotes": [
				[4850, 4, 0],
				[4950, 6, 0],
				[5175, 7, 0],
				[5300, 5, 0],
				[5350, 1, 0],
				[5550, 0, 0],
				[5600, 7, 0],
				[5700, 2, 0],
				[5975, 0, 0],
				[6075, 3, 0],
				[6375, 2, 0]
			],
			"typeOfSection": 0,
			"gfSection": false,
			"altAnim": false,
			"mustHitSection": false,
			"changeBPM": false,
			"bpm": 150
		},
		{
			"sectionBeats": 4,
			"sectionNotes": [
				[6500, 0, 0],
				[6575, 1, 0],
				[6875, 0, 0],
				[6975, 2, 0],
				[7200, 3, 0],
				[7300, 0, 0],
				[7400, 2, 0],
				[7625, 1, 0],
				[7625, 3, 0],
				[7850, 0, 0]
			],
			"typeOfSection": 0,
			"gfSection": false,
			"altAnim": false,
			"mustHitSection": true,
			"changeBPM": false,
			"bpm": 150
		},
		{
			"sectionBeats": 4,
			"sectionNotes": [
				[8025, 2, 0],
				[8225, 1, 0],
				[8375, 0, 0],
				[8375, 2, 0],
				[8675, 1, 0],
				[8775, 3, 0],
				[9025, 0, 0],
				[9025, 2, 0],
				[9225, 1, 0],
				[9400, 2, 0],
				[9400, 3, 0]
			],
			"typeOfSection": 0,
			"gfSection": false,
			"altAnim": false,
			"mustHitSection": true,
			"changeBPM": false,
			"bpm": 150
		},
		{
			"sectionBeats": 4,
			"sectionNotes": [
				[9600, 0, 0],
				[9850, 1, 0],
				[10025, 3, 0],
				[10175, 0, 0],
				[10266.6666666667, 2, 0],
				[10500, 3, 0],
				[10600, 1, 0],
				[10700, 5, 0],
				[10900, 5, 0],
				[11050, 6, 0]
			],
			"typeOfSection": 0,
			"gfSection": false,
			"altAnim": false,
			"mustHitSection": true,
			"changeBPM": false,
			"bpm": 150
		},
		{
			"sectionBeats": 4,
			"sectionNotes": [
				[11250, 4, 0],
				[11350, 6, 0],
				[11700, 7, 0],
				[11700, 5, 0],
				[11875, 4, 0],
				[12025, 6, 0],
				[12200, 7, 0],
				[12300, 4, 0],
				[12350, 6, 0],
				[12400, 7, 0],
				[12500, 4, 0],
				[12675, 6, 0],
				[12750, 5, 0]
			],
			"typeOfSection": 0,
			"gfSection": false,
			"altAnim": false,
			"mustHitSection": false,
			"changeBPM": false,
			"bpm": 150
		},
		{
			"sectionBeats": 4,
			"sectionNotes": [
				[12950, 4, 0],
				[13000, 5, 0],
				[13175, 7, 0],
				[13350, 4, 0],
				[13525, 4, 0],
				[13725, 5, 0],
				[13925, 7, 0],
				[14025, 6, 0],
				[14350, 4, 0],
				[14350, 6, 0]
			],
			"typeOfSection": 0,
			"gfSection": false,
			"altAnim": false,
			"mustHitSection": false,
			"changeBPM": false,
			"bpm": 150
		},
		{
			"sectionBeats": 4,
			"sectionNotes": [
				[14500, 7, 0],
				[14675, 6, 0],
				[14675, 5, 0],
				[14850, 4, 0],
				[14950, 6, 0],
				[15025, 4, 0],
				[15125, 6, 0],
				[15200, 7, 0],
				[15375, 4, 0],
				[15375, 5, 0],
				[15675, 6, 0],
				[15675, 7, 0],
				[15850, 4, 0],
				[15850, 5, 0]
			],
			"typeOfSection": 0,
			"gfSection": false,
			"altAnim": false,
			"mustHitSection": false,
			"changeBPM": false,
			"bpm": 150
		},
		{
			"sectionBeats": 4,
			"sectionNotes": [
				[16000, 5, 0],
				[16000, 1, 0],
				[16200, 1, 0],
				[16350, 2, 0],
				[16366.6666666667, 4, 0],
				[16383.3333333333, 7, 0],
				[16600, 0, 0],
				[16700, 2, 0],
				[16700, 5, 0],
				[16950, 3, 0],
				[17150, 1, 0],
				[17183.3333333333, 6, 0],
				[17350, 0, 0],
				[17350, 3, 0],
				[17350, 7, 0],
				[17525, 2, 0]
			],
			"typeOfSection": 0,
			"gfSection": false,
			"altAnim": false,
			"mustHitSection": true,
			"changeBPM": false,
			"bpm": 150
		},
		{
			"sectionBeats": 4,
			"sectionNotes": [
				[17600, 0, 0],
				[17683.3333333333, 4, 0],
				[17700, 1, 0],
				[17800, 2, 0],
				[17900, 3, 0],
				[18000, 0, 0],
				[18000, 2, 0],
				[18100, 6, 0],
				[18250, 3, 0],
				[18500, 6, 0],
				[18525, 2, 0],
				[18666.6666666667, 4, 0],
				[18675, 0, 0],
				[18825, 0, 0],
				[18900, 5, 0],
				[19016.6666666667, 1, 0],
				[19016.6666666667, 3, 0],
				[19066.6666666667, 7, 0]
			],
			"typeOfSection": 0,
			"gfSection": false,
			"altAnim": false,
			"mustHitSection": true,
			"changeBPM": false,
			"bpm": 150
		},
		{
			"sectionBeats": 4,
			"sectionNotes": [
				[19233.3333333333, 2, 0],
				[19333.3333333333, 0, 0],
				[19333.3333333333, 4, 0],
				[19516.6666666667, 6, 0],
				[19650, 1, 0],
				[19716.6666666667, 7, 0],
				[19825, 0, 0],
				[19850, 4, 0],
				[20000, 2, 0],
				[20166.6666666667, 0, 0],
				[20200, 6, 0],
				[20283.3333333333, 3, 0],
				[20366.6666666667, 2, 0],
				[20366.6666666667, 5, 0],
				[20466.6666666667, 0, 0],
				[20550, 2, 0],
				[20650, 4, 0],
				[20700, 3, 0]
			],
			"typeOfSection": 0,
			"gfSection": false,
			"altAnim": false,
			"mustHitSection": true,
			"changeBPM": false,
			"bpm": 150
		},
		{
			"sectionBeats": 4,
			"sectionNotes": [
				[20816.6666666667, 5, 0],
				[20950, 1, 0],
				[21016.6666666667, 7, 0],
				[21166.6666666667, 0, 0],
				[21166.6666666667, 6, 0],
				[21350, 0, 0],
				[21666.6666666667, 1, 0],
				[21666.6666666667, 3, 0],
				[21850, 2, 0],
				[21916.6666666667, 0, 0],
				[22000, 2, 0],
				[22100, 3, 0],
				[22183.3333333333, 0, 0],
				[22183.3333333333, 1, 0],
				[22300, 2, 0]
			],
			"typeOfSection": 0,
			"gfSection": false,
			"altAnim": false,
			"mustHitSection": true,
			"changeBPM": false,
			"bpm": 150
		},
		{
			"sectionBeats": 4,
			"sectionNotes": [
				[22400, 1, 0],
				[22500, 3, 0],
				[22600, 0, 0],
				[22700, 2, 0],
				[22850, 1, 0],
				[22850, 3, 0],
				[23000, 2, 0],
				[23100, 0, 0],
				[23175, 1, 0],
				[23275, 3, 0],
				[23375, 0, 0],
				[23375, 2, 0],
				[23475, 1, 0],
				[23575, 2, 0],
				[23675, 1, 0],
				[23675, 3, 0],
				[23850, 2, 0]
			],
			"typeOfSection": 0,
			"gfSection": false,
			"altAnim": false,
			"mustHitSection": true,
			"changeBPM": false,
			"bpm": 150
		},
		{
			"sectionBeats": 4,
			"sectionNotes": [
				[24000, 0, 0],
				[24175, 1, 0],
				[24325, 3, 0],
				[24425, 2, 0],
				[24525, 1, 0],
				[24625, 2, 0],
				[24625, 0, 0],
				[24725, 1, 0],
				[24800, 3, 0],
				[24900, 0, 0],
				[24900, 2, 0],
				[25000, 3, 0],
				[25100, 0, 0],
				[25175, 2, 0],
				[25275, 1, 0],
				[25350, 3, 0],
				[25375, 0, 0],
				[25475, 1, 0],
				[25575, 3, 0]
			],
			"typeOfSection": 0,
			"gfSection": false,
			"altAnim": false,
			"mustHitSection": true,
			"changeBPM": false,
			"bpm": 150
		},
		{
			"sectionBeats": 4,
			"sectionNotes": [
				[25675, 2, 0],
				[25825, 1, 0],
				[25875, 2, 0],
				[25975, 0, 0],
				[26075, 1, 0],
				[26175, 3, 0],
				[26175, 2, 0],
				[26325, 0, 0],
				[26675, 6, 0],
				[26900, 6, 0],
				[27075, 4, 0],
				[27166.6666666667, 5, 0],
				[27166.6666666667, 7, 0]
			],
			"typeOfSection": 0,
			"gfSection": false,
			"altAnim": false,
			"mustHitSection": true,
			"changeBPM": false,
			"bpm": 150
		},
		{
			"sectionBeats": 4,
			"sectionNotes": [
				[27275, 6, 0],
				[27375, 4, 0],
				[27475, 5, 0],
				[27583.3333333333, 6, 0],
				[27583.3333333333, 7, 0],
				[27700, 5, 0],
				[27800, 6, 0],
				[27900, 4, 0],
				[28000, 5, 0],
				[28133.3333333333, 6, 0],
				[28233.3333333333, 7, 0],
				[28333.3333333333, 4, 0],
				[28333.3333333333, 5, 0],
				[28416.6666666667, 7, 0],
				[28500, 6, 0],
				[28600, 4, 0],
				[28700, 5, 0]
			],
			"typeOfSection": 0,
			"gfSection": false,
			"altAnim": false,
			"mustHitSection": false,
			"changeBPM": false,
			"bpm": 150
		},
		{
			"sectionBeats": 4,
			"sectionNotes": [
				[28800, 6, 0],
				[28900, 5, 0],
				[28900, 7, 0],
				[29000, 6, 0],
				[29000, 4, 0],
				[29100, 7, 0],
				[29200, 4, 0],
				[29200, 5, 0],
				[29333.3333333333, 6, 0],
				[29533.3333333333, 4, 0],
				[29666.6666666667, 5, 0],
				[29766.6666666667, 4, 0],
				[29866.6666666667, 6, 0],
				[29866.6666666667, 7, 0],
				[29966.6666666667, 5, 0],
				[30066.6666666667, 6, 0],
				[30066.6666666667, 4, 0],
				[30166.6666666667, 5, 0],
				[30266.6666666667, 6, 0],
				[30366.6666666667, 7, 0],
				[30366.6666666667, 5, 0]
			],
			"typeOfSection": 0,
			"gfSection": false,
			"altAnim": false,
			"mustHitSection": false,
			"changeBPM": false,
			"bpm": 150
		},
		{
			"sectionBeats": 4,
			"sectionNotes": [
				[30466.6666666667, 6, 0],
				[30566.6666666667, 4, 0],
				[30666.6666666667, 5, 0],
				[30733.3333333333, 7, 0],
				[30850, 6, 0],
				[30900, 4, 0],
				[31000, 6, 0],
				[31166.6666666667, 5, 0],
				[31200, 6, 0],
				[31316.6666666667, 4, 0],
				[31416.6666666667, 7, 0],
				[31500, 6, 0],
				[31666.6666666667, 4, 0],
				[31833.3333333333, 5, 0]
			],
			"typeOfSection": 0,
			"gfSection": false,
			"altAnim": false,
			"mustHitSection": false,
			"changeBPM": false,
			"bpm": 150
		},
		{
			"sectionBeats": 4,
			"sectionNotes": [
				[32000, 2, 0],
				[32266.6666666667, 0, 0],
				[32416.6666666667, 1, 0],
				[32516.6666666667, 3, 0],
				[32616.6666666667, 0, 0],
				[32616.6666666667, 2, 0],
				[32733.3333333333, 3, 0],
				[32833.3333333333, 1, 0],
				[32916.6666666667, 2, 0],
				[33016.6666666667, 0, 0],
				[33116.6666666667, 1, 0],
				[33216.6666666667, 3, 0],
				[33333.3333333333, 2, 0],
				[33483.3333333333, 0, 0],
				[33583.3333333333, 1, 0]
			],
			"typeOfSection": 0,
			"gfSection": false,
			"altAnim": false,
			"mustHitSection": true,
			"changeBPM": false,
			"bpm": 150
		},
		{
			"sectionBeats": 4,
			"sectionNotes": [
				[33666.6666666667, 3, 0],
				[33766.6666666667, 1, 0],
				[33866.6666666667, 2, 0],
				[33966.6666666667, 0, 0],
				[34066.6666666667, 1, 0],
				[34066.6666666667, 3, 0],
				[34166.6666666667, 2, 0],
				[34266.6666666667, 0, 0],
				[34350, 1, 0],
				[34666.6666666667, 2, 0],
				[34866.6666666667, 3, 0],
				[35000, 0, 0],
				[35100, 1, 0]
			],
			"typeOfSection": 0,
			"gfSection": false,
			"altAnim": false,
			"mustHitSection": true,
			"changeBPM": false,
			"bpm": 150
		},
		{
			"sectionBeats": 4,
			"sectionNotes": [
				[35216.6666666667, 0, 0],
				[35316.6666666667, 2, 0],
				[35416.6666666667, 3, 0],
				[35416.6666666667, 1, 0],
				[35500, 2, 0],
				[35600, 0, 0],
				[35700, 1, 0],
				[35800, 2, 0],
				[35900, 1, 0],
				[35900, 3, 0],
				[36000, 0, 0],
				[36033.3333333333, 1, 0],
				[36183.3333333333, 3, 0],
				[36283.3333333333, 0, 0],
				[36383.3333333333, 2, 0],
				[36533.3333333333, 1, 0],
				[36583.3333333333, 2, 0],
				[36700, 3, 0]
			],
			"typeOfSection": 0,
			"gfSection": false,
			"altAnim": false,
			"mustHitSection": true,
			"changeBPM": false,
			"bpm": 150
		},
		{
			"sectionBeats": 4,
			"sectionNotes": [
				[36800, 0, 0],
				[36883.3333333333, 2, 0],
				[37000, 0, 0],
				[37183.3333333333, 1, 0],
				[37333.3333333333, 5, 0],
				[37666.6666666667, 7, 0],
				[37833.3333333333, 4, 0],
				[37933.3333333333, 6, 0],
				[38033.3333333333, 4, 0],
				[38133.3333333333, 5, 0],
				[38133.3333333333, 7, 0],
				[38216.6666666667, 6, 0],
				[38350, 4, 0]
			],
			"typeOfSection": 0,
			"gfSection": false,
			"altAnim": false,
			"mustHitSection": true,
			"changeBPM": false,
			"bpm": 150
		},
		{
			"sectionBeats": 4,
			"sectionNotes": [
				[38500, 5, 0],
				[38666.6666666667, 7, 0],
				[38833.3333333333, 6, 0],
				[38833.3333333333, 4, 0],
				[39000, 5, 0],
				[39100, 7, 0],
				[39200, 5, 0],
				[39300, 6, 0],
				[39400, 4, 0],
				[39500, 5, 0],
				[39600, 6, 0],
				[39600, 7, 0],
				[39700, 4, 200]
			],
			"typeOfSection": 0,
			"gfSection": false,
			"altAnim": false,
			"mustHitSection": false,
			"changeBPM": false,
			"bpm": 150
		},
		{
			"sectionBeats": 4,
			"sectionNotes": [
				[40000, 5, 0],
				[40183.3333333333, 5, 0],
				[40333.3333333333, 6, 0],
				[40433.3333333333, 7, 0],
				[40533.3333333333, 4, 0],
				[40633.3333333333, 6, 0],
				[40733.3333333333, 5, 0],
				[40733.3333333333, 7, 0],
				[40833.3333333333, 4, 0],
				[40933.3333333333, 5, 0],
				[41033.3333333333, 6, 0],
				[41033.3333333333, 7, 0],
				[41133.3333333333, 5, 0],
				[41233.3333333333, 4, 0],
				[41316.6666666667, 6, 0],
				[41366.6666666667, 7, 0],
				[41533.3333333333, 4, 0]
			],
			"typeOfSection": 0,
			"gfSection": false,
			"altAnim": false,
			"mustHitSection": false,
			"changeBPM": false,
			"bpm": 150
		},
		{
			"sectionBeats": 4,
			"sectionNotes": [
				[41600, 5, 0],
				[41683.3333333333, 6, 0],
				[41833.3333333333, 7, 0],
				[41883.3333333333, 4, 0],
				[42016.6666666667, 5, 0],
				[42166.6666666667, 4, 0],
				[42316.6666666667, 6, 0],
				[42516.6666666667, 7, 0]
			],
			"typeOfSection": 0,
			"gfSection": false,
			"altAnim": false,
			"mustHitSection": false,
			"changeBPM": false,
			"bpm": 150
		},
		{
			"sectionBeats": 4,
			"sectionNotes": [
				[43350, 6, 200],
				[43666.6666666667, 4, 300],
				[44716.6666666667, 2, 200]
			],
			"typeOfSection": 0,
			"gfSection": false,
			"altAnim": false,
			"mustHitSection": false,
			"changeBPM": false,
			"bpm": 150
		},
		{
			"sectionBeats": 4,
			"sectionNotes": [
				[45016.6666666667, 0, 200],
				[46033.3333333333, 3, 300],
				[46383.3333333333, 1, 400]
			],
			"typeOfSection": 0,
			"gfSection": false,
			"altAnim": false,
			"mustHitSection": true,
			"changeBPM": false,
			"bpm": 150
		},
		{
			"sectionBeats": 4,
			"sectionNotes": [
				[47333.3333333333, 6, 300],
				[47733.3333333333, 7, 0],
				[47850, 4, 200]
			],
			"typeOfSection": 0,
			"gfSection": false,
			"altAnim": false,
			"mustHitSection": false,
			"changeBPM": false,
			"bpm": 150
		},
		{
			"sectionBeats": 4,
			"sectionNotes": [
				[49000, 6, 0],
				[49166.6666666667, 7, 0],
				[49333.3333333333, 6, 300]
			],
			"typeOfSection": 0,
			"gfSection": false,
			"altAnim": false,
			"mustHitSection": false,
			"changeBPM": false,
			"bpm": 150
		},
		{
			"sectionBeats": 4,
			"sectionNotes": [
				[49683.3333333333, 4, 0],
				[50000, 5, 0],
				[50400, 7, 0],
				[50666.6666666667, 4, 0],
				[51183.3333333333, 6, 300]
			],
			"typeOfSection": 0,
			"gfSection": false,
			"altAnim": false,
			"mustHitSection": false,
			"changeBPM": false,
			"bpm": 150
		},
		{
			"sectionBeats": 4,
			"sectionNotes": [
				[51516.6666666667, 6, 0],
				[51650, 4, 0],
				[51800, 5, 0],
				[52016.6666666667, 7, 0]
			],
			"typeOfSection": 0,
			"gfSection": false,
			"altAnim": false,
			"mustHitSection": false,
			"changeBPM": false,
			"bpm": 150
		},
		{
			"sectionBeats": 4,
			"sectionNotes": [
				[53050, 4, 200],
				[53350, 5, 0],
				[53500, 4, 0],
				[53675, 6, 0],
				[53925, 4, 0],
				[54025, 7, 0],
				[54275, 6, 0]
			],
			"typeOfSection": 0,
			"gfSection": false,
			"altAnim": false,
			"mustHitSection": false,
			"changeBPM": false,
			"bpm": 150
		},
		{
			"sectionBeats": 4,
			"sectionNotes": [
				[54500, 4, 0],
				[54550, 5, 0],
				[54850, 4, 0],
				[54900, 6, 0],
				[55175, 7, 0],
				[55275, 5, 0],
				[55375, 7, 0],
				[55600, 6, 0],
				[55850, 4, 0]
			],
			"typeOfSection": 0,
			"gfSection": false,
			"altAnim": false,
			"mustHitSection": false,
			"changeBPM": false,
			"bpm": 150
		},
		{
			"sectionBeats": 4,
			"sectionNotes": [
				[56000, 5, 0],
				[56200, 5, 0],
				[56350, 6, 0],
				[56600, 4, 0],
				[56700, 6, 0],
				[56950, 5, 0],
				[56950, 7, 0],
				[57175, 4, 0],
				[57350, 6, 0],
				[57375, 7, 0]
			],
			"typeOfSection": 0,
			"gfSection": false,
			"altAnim": false,
			"mustHitSection": false,
			"changeBPM": false,
			"bpm": 150
		},
		{
			"sectionBeats": 4,
			"sectionNotes": [
				[57600, 5, 0],
				[57850, 6, 0],
				[58000, 4, 0],
				[58175, 5, 0],
				[58250, 7, 0],
				[58525, 6, 0],
				[58625, 4, 0],
				[58675, 1, 0],
				[58850, 0, 0],
				[59000, 2, 0]
			],
			"typeOfSection": 0,
			"gfSection": false,
			"altAnim": false,
			"mustHitSection": false,
			"changeBPM": false,
			"bpm": 150
		},
		{
			"sectionBeats": 4,
			"sectionNotes": [
				[59325, 0, 0],
				[59425, 3, 0],
				[59625, 2, 0],
				[59850, 0, 0],
				[59900, 1, 0],
				[60175, 1, 0],
				[60275, 3, 150],
				[60525, 0, 0],
				[60625, 1, 0],
				[60725, 2, 100]
			],
			"typeOfSection": 0,
			"gfSection": false,
			"altAnim": false,
			"mustHitSection": true,
			"changeBPM": false,
			"bpm": 150
		},
		{
			"sectionBeats": 4,
			"sectionNotes": [
				[61000, 3, 0],
				[61000, 1, 0],
				[61175, 0, 0],
				[61325, 2, 0],
				[61525, 2, 0],
				[61700, 0, 0],
				[61700, 1, 0],
				[61875, 3, 0],
				[62025, 2, 0],
				[62275, 1, 0],
				[62275, 3, 0]
			],
			"typeOfSection": 0,
			"gfSection": false,
			"altAnim": false,
			"mustHitSection": true,
			"changeBPM": false,
			"bpm": 150
		},
		{
			"sectionBeats": 4,
			"sectionNotes": [
				[62525, 0, 0],
				[62700, 2, 0],
				[62700, 3, 0],
				[62900, 1, 0],
				[63150, 2, 0],
				[63350, 0, 0],
				[63500, 1, 0],
				[63600, 3, 0],
				[63775, 2, 0],
				[63875, 0, 0]
			],
			"typeOfSection": 0,
			"gfSection": false,
			"altAnim": false,
			"mustHitSection": true,
			"changeBPM": false,
			"bpm": 150
		},
		{
			"sectionBeats": 4,
			"sectionNotes": [
				[64000, 5, 0],
				[64200, 7, 0],
				[64350, 4, 0],
				[64350, 6, 0],
				[64600, 7, 0],
				[64700, 6, 0],
				[65000, 4, 0],
				[65000, 5, 0],
				[65150, 7, 0],
				[65325, 6, 0],
				[65500, 4, 0]
			],
			"typeOfSection": 0,
			"gfSection": false,
			"altAnim": false,
			"mustHitSection": false,
			"changeBPM": false,
			"bpm": 150
		},
		{
			"sectionBeats": 4,
			"sectionNotes": [
				[65600, 7, 0],
				[65700, 4, 0],
				[65800, 5, 0],
				[65900, 7, 0],
				[65900, 6, 0],
				[66050, 5, 0],
				[66050, 4, 0],
				[66275, 7, 0],
				[66500, 6, 0],
				[66500, 4, 0],
				[66700, 5, 0],
				[66850, 7, 0],
				[67000, 4, 0]
			],
			"typeOfSection": 0,
			"gfSection": false,
			"altAnim": false,
			"mustHitSection": false,
			"changeBPM": false,
			"bpm": 150
		},
		{
			"sectionBeats": 4,
			"sectionNotes": [
				[67275, 6, 0],
				[67375, 7, 0],
				[67550, 4, 0],
				[67550, 6, 0],
				[67850, 5, 0],
				[67850, 7, 0],
				[68050, 6, 0],
				[68100, 7, 0],
				[68200, 4, 0],
				[68300, 5, 0],
				[68400, 6, 0],
				[68500, 7, 0],
				[68725, 4, 0],
				[68725, 5, 0]
			],
			"typeOfSection": 0,
			"gfSection": false,
			"altAnim": false,
			"mustHitSection": false,
			"changeBPM": false,
			"bpm": 150
		},
		{
			"sectionBeats": 4,
			"sectionNotes": [
				[69000, 6, 0],
				[69175, 7, 0],
				[69325, 1, 0],
				[69350, 4, 0],
				[69500, 0, 0],
				[69675, 5, 0],
				[69675, 2, 0],
				[69950, 0, 0],
				[69975, 6, 200],
				[70050, 3, 0],
				[70350, 2, 0]
			],
			"typeOfSection": 0,
			"gfSection": false,
			"altAnim": false,
			"mustHitSection": true,
			"changeBPM": false,
			"bpm": 150
		},
		{
			"sectionBeats": 4,
			"sectionNotes": [
				[70500, 0, 100],
				[70550, 4, 0],
				[70700, 2, 0],
				[70700, 3, 0],
				[70725, 7, 0],
				[70850, 0, 0],
				[70950, 1, 0],
				[71050, 6, 0],
				[71050, 2, 0],
				[71125, 3, 0],
				[71200, 0, 0],
				[71350, 2, 0],
				[71350, 3, 0],
				[71400, 4, 200],
				[71675, 0, 0],
				[71725, 1, 0],
				[71850, 2, 0],
				[71875, 5, 0]
			],
			"typeOfSection": 0,
			"gfSection": false,
			"altAnim": false,
			"mustHitSection": true,
			"changeBPM": false,
			"bpm": 150
		},
		{
			"sectionBeats": 4,
			"sectionNotes": [
				[72000, 1, 0],
				[72175, 3, 0],
				[72200, 6, 0],
				[72350, 7, 0],
				[72350, 0, 0],
				[72600, 1, 0],
				[72625, 4, 0],
				[72700, 2, 0],
				[72850, 6, 0],
				[72925, 3, 0],
				[72925, 1, 0],
				[73025, 4, 0],
				[73175, 7, 0],
				[73175, 0, 0],
				[73375, 3, 0],
				[73500, 1, 0],
				[73575, 5, 0]
			],
			"typeOfSection": 0,
			"gfSection": false,
			"altAnim": false,
			"mustHitSection": true,
			"changeBPM": false,
			"bpm": 150
		},
		{
			"sectionBeats": 4,
			"sectionNotes": [
				[73600, 0, 0],
				[73675, 3, 0],
				[73700, 6, 0],
				[73750, 2, 0],
				[73850, 0, 0],
				[74025, 4, 0],
				[74025, 1, 0],
				[74025, 3, 0],
				[74200, 5, 0],
				[74325, 0, 0],
				[74375, 7, 0],
				[74525, 1, 0],
				[74575, 4, 0],
				[74675, 3, 0],
				[74950, 1, 0],
				[75050, 0, 0],
				[75050, 2, 0],
				[75150, 3, 0]
			],
			"typeOfSection": 0,
			"gfSection": false,
			"altAnim": false,
			"mustHitSection": true,
			"changeBPM": false,
			"bpm": 150
		},
		{
			"sectionBeats": 4,
			"sectionNotes": [
				[75225, 1, 0],
				[75325, 0, 0],
				[75425, 1, 0],
				[75525, 3, 0],
				[75525, 2, 0],
				[75625, 1, 0],
				[75725, 2, 0],
				[75825, 0, 0],
				[75925, 1, 0],
				[76025, 2, 0],
				[76125, 3, 0],
				[76350, 0, 0],
				[76450, 2, 0],
				[76550, 1, 0],
				[76550, 0, 0],
				[76650, 3, 0],
				[76750, 2, 0]
			],
			"typeOfSection": 0,
			"gfSection": false,
			"altAnim": false,
			"mustHitSection": true,
			"changeBPM": false,
			"bpm": 150
		},
		{
			"sectionBeats": 4,
			"sectionNotes": [
				[76825, 0, 0],
				[76925, 1, 0],
				[76925, 3, 0],
				[77025, 2, 0],
				[77175, 0, 0],
				[77325, 1, 0],
				[77500, 2, 0],
				[77675, 0, 0],
				[77675, 1, 0],
				[77775, 2, 0],
				[77875, 3, 0],
				[77975, 1, 0],
				[78075, 2, 0],
				[78175, 0, 0],
				[78275, 1, 0],
				[78275, 2, 0],
				[78375, 3, 0]
			],
			"typeOfSection": 0,
			"gfSection": false,
			"altAnim": false,
			"mustHitSection": true,
			"changeBPM": false,
			"bpm": 150
		},
		{
			"sectionBeats": 4,
			"sectionNotes": [
				[78500, 2, 0],
				[78600, 0, 0],
				[78600, 1, 0],
				[78700, 3, 0],
				[78750, 2, 0],
				[78825, 0, 0],
				[78925, 1, 0],
				[79025, 3, 0],
				[79025, 2, 0],
				[79175, 1, 0],
				[79225, 2, 0],
				[79325, 0, 0],
				[79425, 1, 0],
				[79525, 0, 0],
				[79675, 3, 0],
				[79675, 2, 0]
			],
			"typeOfSection": 0,
			"gfSection": false,
			"altAnim": false,
			"mustHitSection": true,
			"changeBPM": false,
			"bpm": 150
		},
		{
			"sectionBeats": 4,
			"sectionNotes": [
				[80000, 5, 0],
				[80250, 5, 0],
				[80425, 6, 0],
				[80525, 4, 0],
				[80625, 5, 0],
				[80625, 7, 0],
				[80725, 4, 0],
				[80825, 5, 0],
				[80925, 6, 0],
				[81025, 5, 0],
				[81125, 6, 0],
				[81125, 4, 0],
				[81225, 5, 0],
				[81325, 6, 0],
				[81325, 7, 0],
				[81475, 4, 0],
				[81591.6666666667, 6, 0]
			],
			"typeOfSection": 0,
			"gfSection": false,
			"altAnim": false,
			"mustHitSection": false,
			"changeBPM": false,
			"bpm": 150
		},
		{
			"sectionBeats": 4,
			"sectionNotes": [
				[81675, 7, 0],
				[81775, 4, 0],
				[81775, 5, 0],
				[81850, 6, 0],
				[81950, 5, 0],
				[81950, 7, 0],
				[82050, 6, 0],
				[82150, 4, 0],
				[82150, 5, 0],
				[82250, 6, 0],
				[82350, 7, 0],
				[82475, 4, 0],
				[82675, 7, 0],
				[82850, 7, 0],
				[83000, 6, 0],
				[83100, 4, 0]
			],
			"typeOfSection": 0,
			"gfSection": false,
			"altAnim": false,
			"mustHitSection": false,
			"changeBPM": false,
			"bpm": 150
		},
		{
			"sectionBeats": 4,
			"sectionNotes": [
				[83200, 5, 0],
				[83275, 7, 0],
				[83375, 4, 0],
				[83450, 5, 0],
				[83450, 7, 0],
				[83525, 6, 0],
				[83625, 4, 0],
				[83700, 5, 0],
				[83775, 6, 0],
				[83775, 7, 0],
				[83875, 4, 0],
				[83975, 5, 0],
				[84025, 6, 0],
				[84125, 7, 0],
				[84225, 4, 0],
				[84325, 6, 0],
				[84525, 5, 0],
				[84575, 6, 0],
				[84700, 4, 0]
			],
			"typeOfSection": 0,
			"gfSection": false,
			"altAnim": false,
			"mustHitSection": false,
			"changeBPM": false,
			"bpm": 150
		},
		{
			"sectionBeats": 4,
			"sectionNotes": [
				[84800, 7, 0],
				[84900, 6, 0],
				[84900, 4, 0],
				[85000, 5, 0],
				[85075, 4, 0],
				[85150, 6, 0],
				[85325, 1, 0],
				[85600, 0, 0],
				[85600, 2, 0],
				[85700, 1, 0],
				[85800, 2, 0],
				[85800, 3, 0],
				[85900, 0, 0],
				[86000, 1, 0],
				[86100, 2, 0],
				[86200, 1, 0],
				[86200, 3, 0],
				[86300, 0, 100]
			],
			"typeOfSection": 0,
			"gfSection": false,
			"altAnim": false,
			"mustHitSection": false,
			"changeBPM": false,
			"bpm": 150
		},
		{
			"sectionBeats": 4,
			"sectionNotes": [
				[86500, 2, 100],
				[86500, 3, 0],
				[86700, 0, 0],
				[86825, 1, 0],
				[86950, 3, 0],
				[87000, 0, 0],
				[87100, 2, 0],
				[87200, 1, 0],
				[87300, 3, 0],
				[87400, 0, 0],
				[87400, 2, 0],
				[87500, 1, 0],
				[87600, 2, 0],
				[87600, 3, 0],
				[87700, 1, 200]
			],
			"typeOfSection": 0,
			"gfSection": false,
			"altAnim": false,
			"mustHitSection": true,
			"changeBPM": false,
			"bpm": 150
		},
		{
			"sectionBeats": 4,
			"sectionNotes": [
				[88000, 3, 0],
				[88175, 0, 0],
				[88325, 3, 0],
				[88425, 1, 0],
				[88500, 2, 0],
				[88500, 0, 0],
				[88600, 1, 0],
				[88700, 2, 0],
				[88800, 1, 0],
				[88800, 3, 0],
				[88900, 0, 0],
				[89000, 2, 0],
				[89000, 3, 0],
				[89100, 0, 0],
				[89200, 1, 0],
				[89200, 3, 0],
				[89325, 2, 0],
				[89375, 0, 0],
				[89500, 1, 0]
			],
			"typeOfSection": 0,
			"gfSection": false,
			"altAnim": false,
			"mustHitSection": true,
			"changeBPM": false,
			"bpm": 150
		},
		{
			"sectionBeats": 4,
			"sectionNotes": [
				[89600, 3, 0],
				[89675, 2, 0],
				[89850, 1, 0],
				[89875, 2, 0],
				[90025, 0, 0],
				[90125, 1, 0],
				[90225, 3, 0],
				[90350, 0, 0],
				[90500, 2, 200],
				[90675, 4, 0],
				[90950, 4, 0],
				[91100, 5, 0]
			],
			"typeOfSection": 0,
			"gfSection": false,
			"altAnim": false,
			"mustHitSection": true,
			"changeBPM": false,
			"bpm": 150
		},
		{
			"sectionBeats": 4,
			"sectionNotes": [
				[91200, 6, 0],
				[91300, 7, 0],
				[91400, 6, 0],
				[91500, 4, 0],
				[91600, 5, 0],
				[91700, 6, 0],
				[91850, 7, 0],
				[92025, 4, 0],
				[92025, 6, 0],
				[92150, 5, 0],
				[92250, 6, 0],
				[92350, 5, 0],
				[92350, 7, 0],
				[92450, 4, 0],
				[92550, 6, 0],
				[92650, 5, 0],
				[92750, 7, 0]
			],
			"typeOfSection": 0,
			"gfSection": false,
			"altAnim": false,
			"mustHitSection": false,
			"changeBPM": false,
			"bpm": 150
		},
		{
			"sectionBeats": 4,
			"sectionNotes": [
				[92825, 4, 0],
				[92925, 5, 0],
				[93025, 6, 200],
				[93025, 7, 0],
				[93325, 5, 0],
				[93525, 6, 0],
				[93675, 4, 0],
				[93775, 5, 0],
				[93875, 6, 0],
				[93975, 7, 0],
				[94075, 4, 0],
				[94075, 6, 0],
				[94175, 5, 0],
				[94275, 7, 0],
				[94375, 4, 0]
			],
			"typeOfSection": 0,
			"gfSection": false,
			"altAnim": false,
			"mustHitSection": false,
			"changeBPM": false,
			"bpm": 150
		},
		{
			"sectionBeats": 4,
			"sectionNotes": [
				[94475, 6, 0],
				[94575, 7, 0],
				[94675, 4, 0],
				[94725, 5, 0],
				[94825, 7, 0],
				[94900, 5, 0],
				[95000, 6, 0],
				[95175, 5, 0],
				[95225, 6, 0],
				[95325, 4, 100],
				[95500, 5, 100],
				[95700, 7, 100],
				[95875, 6, 100]
			],
			"typeOfSection": 0,
			"gfSection": false,
			"altAnim": false,
			"mustHitSection": false,
			"changeBPM": false,
			"bpm": 150
		},
		{
			"sectionBeats": 4,
			"sectionNotes": [
				[96700, 6, 200],
				[97050, 7, 200]
			],
			"typeOfSection": 0,
			"gfSection": false,
			"altAnim": false,
			"mustHitSection": false,
			"changeBPM": false,
			"bpm": 150
		},
		{
			"sectionBeats": 4,
			"sectionNotes": [
				[98025, 0, 200],
				[98350, 1, 0]
			],
			"typeOfSection": 0,
			"gfSection": false,
			"altAnim": false,
			"mustHitSection": true,
			"changeBPM": false,
			"bpm": 150
		},
		{
			"sectionBeats": 4,
			"sectionNotes": [
				[99350, 2, 200],
				[99675, 1, 0],
				[100675, 4, 0]
			],
			"typeOfSection": 0,
			"gfSection": false,
			"altAnim": false,
			"mustHitSection": true,
			"changeBPM": false,
			"bpm": 150
		},
		{
			"sectionBeats": 4,
			"sectionNotes": [
				[101000, 6, 0],
				[101100, 7, 0],
				[102350, 6, 0]
			],
			"typeOfSection": 0,
			"gfSection": false,
			"altAnim": false,
			"mustHitSection": false,
			"changeBPM": false,
			"bpm": 150
		},
		{
			"sectionBeats": 4,
			"sectionNotes": [
				[102475, 4, 0],
				[102675, 6, 100],
				[103000, 0, 300],
				[103375, 1, 200],
				[103675, 2, 200]
			],
			"typeOfSection": 0,
			"gfSection": false,
			"altAnim": false,
			"mustHitSection": false,
			"changeBPM": false,
			"bpm": 150
		},
		{
			"sectionBeats": 4,
			"sectionNotes": [
				[104000, 0, 700],
				[104525, 7, 0],
				[104850, 4, 0],
				[105000, 6, 0],
				[105200, 5, 0],
				[105350, 4, 0]
			],
			"typeOfSection": 0,
			"gfSection": false,
			"altAnim": false,
			"mustHitSection": true,
			"changeBPM": false,
			"bpm": 150
		},
		{
			"typeOfSection": 0,
			"sectionNotes": [
				[106350, 5, 0],
				[106700, 0, 0],
				[106700, 1, 0],
				[106700, 3, 0],
				[107050, 1, 0],
				[107050, 2, 0],
				[107050, 3, 0]
			],
			"sectionBeats": 4,
			"altAnim": false,
			"gfSection": false,
			"bpm": 150,
			"changeBPM": false,
			"mustHitSection": true
		},
		{
			"typeOfSection": 0,
			"sectionNotes": [
				[107350, 0, 0],
				[107350, 2, 0],
				[107350, 3, 0],
				[107875, 1, 0],
				[107875, 0, 0],
				[107875, 2, 0],
				[108025, 1, 0],
				[108025, 0, 0],
				[108025, 3, 0],
				[108375, 3, 0],
				[108375, 2, 0],
				[108375, 0, 0],
				[108700, 1, 0],
				[108700, 0, 0],
				[108700, 3, 0]
			],
			"sectionBeats": 4,
			"altAnim": false,
			"gfSection": false,
			"bpm": 150,
			"changeBPM": false,
			"mustHitSection": true
		},
		{
			"typeOfSection": 0,
			"sectionNotes": [
				[109175, 2, 0],
				[109175, 3, 0],
				[109175, 1, 0],
				[109350, 0, 0],
				[109350, 2, 0],
				[109350, 3, 0],
				[109675, 2, 0],
				[109675, 1, 0],
				[109675, 3, 0],
				[110000, 2, 0],
				[110000, 1, 0],
				[110000, 0, 0]
			],
			"sectionBeats": 4,
			"altAnim": false,
			"gfSection": false,
			"bpm": 150,
			"changeBPM": false,
			"mustHitSection": true
		},
		{
			"typeOfSection": 0,
			"sectionNotes": [
				[110500, 0, 0],
				[110500, 2, 0],
				[110500, 3, 0],
				[110700, 1, 0],
				[110700, 0, 0],
				[110700, 2, 0],
				[111000, 1, 0],
				[111000, 2, 0],
				[111000, 3, 0],
				[111350, 0, 0],
				[111350, 1, 0],
				[111350, 3, 0],
				[111600, 3, 0],
				[111600, 2, 0],
				[111600, 0, 0],
				[111850, 0, 0],
				[111850, 1, 0],
				[111850, 3, 0]
			],
			"sectionBeats": 4,
			"altAnim": false,
			"gfSection": false,
			"bpm": 150,
			"changeBPM": false,
			"mustHitSection": true
		},
		{
			"typeOfSection": 0,
			"sectionNotes": [
				[112000, 4, 0],
				[112000, 6, 0],
				[112000, 7, 0],
				[112325, 5, 0],
				[112325, 6, 0],
				[112325, 7, 0],
				[112675, 4, 0],
				[112675, 6, 0],
				[112675, 7, 0],
				[113175, 5, 0],
				[113175, 4, 0],
				[113175, 7, 0],
				[113350, 6, 0],
				[113350, 5, 0],
				[113350, 4, 0]
			],
			"sectionBeats": 4,
			"altAnim": false,
			"gfSection": false,
			"bpm": 150,
			"changeBPM": false,
			"mustHitSection": false
		},
		{
			"typeOfSection": 0,
			"sectionNotes": [
				[113675, 7, 0],
				[113675, 6, 0],
				[113675, 5, 0],
				[114000, 4, 0],
				[114000, 6, 0],
				[114000, 5, 0],
				[114525, 4, 0],
				[114525, 6, 0],
				[114525, 7, 0],
				[114700, 5, 0],
				[114700, 4, 0],
				[114700, 7, 0],
				[115000, 6, 0],
				[115000, 7, 0],
				[115000, 4, 0]
			],
			"sectionBeats": 4,
			"altAnim": false,
			"gfSection": false,
			"bpm": 150,
			"changeBPM": false,
			"mustHitSection": false
		},
		{
			"typeOfSection": 0,
			"sectionNotes": [
				[115350, 5, 0],
				[115350, 6, 0],
				[115350, 4, 0],
				[115825, 4, 0],
				[115825, 5, 0],
				[115825, 7, 0],
				[116050, 6, 0],
				[116050, 7, 0],
				[116050, 4, 0],
				[116350, 5, 0],
				[116350, 6, 0],
				[116350, 7, 0],
				[116675, 4, 0],
				[116675, 5, 0],
				[116675, 7, 0]
			],
			"sectionBeats": 4,
			"altAnim": false,
			"gfSection": false,
			"bpm": 150,
			"changeBPM": false,
			"mustHitSection": false
		},
		{
			"typeOfSection": 0,
			"sectionNotes": [
				[116900, 7, 0],
				[116900, 4, 0],
				[116900, 5, 0],
				[117125, 6, 0],
				[117125, 7, 0],
				[117125, 4, 0],
				[117400, 1, 0],
				[117400, 2, 0],
				[117400, 0, 0],
				[117725, 3, 0],
				[117725, 2, 0],
				[117725, 1, 0],
				[118050, 0, 0],
				[118050, 1, 0],
				[118050, 2, 0]
			],
			"sectionBeats": 4,
			"altAnim": false,
			"gfSection": false,
			"bpm": 150,
			"changeBPM": false,
			"mustHitSection": false
		},
		{
			"typeOfSection": 0,
			"sectionNotes": [
				[118525, 0, 0],
				[118525, 1, 0],
				[118525, 3, 0],
				[118700, 2, 0],
				[118700, 3, 0],
				[118700, 1, 0],
				[119050, 0, 0],
				[119050, 2, 0],
				[119050, 3, 0],
				[119350, 1, 0],
				[119350, 2, 0],
				[119350, 0, 0],
				[119850, 2, 0],
				[119850, 3, 0],
				[119850, 1, 0]
			],
			"sectionBeats": 4,
			"altAnim": false,
			"gfSection": false,
			"bpm": 150,
			"changeBPM": false,
			"mustHitSection": true
		},
		{
			"typeOfSection": 0,
			"sectionNotes": [
				[120000, 1, 0],
				[120000, 0, 0],
				[120000, 3, 0],
				[120350, 1, 0],
				[120350, 0, 0],
				[120350, 2, 0],
				[120675, 2, 0],
				[120675, 3, 0],
				[120675, 0, 0],
				[121175, 1, 0],
				[121175, 3, 0],
				[121175, 0, 0],
				[121375, 1, 0],
				[121375, 2, 0],
				[121375, 3, 0]
			],
			"sectionBeats": 4,
			"altAnim": false,
			"gfSection": false,
			"bpm": 150,
			"changeBPM": false,
			"mustHitSection": true
		},
		{
			"typeOfSection": 0,
			"sectionNotes": [
				[121675, 2, 0],
				[121675, 1, 0],
				[121675, 0, 0],
				[122000, 1, 0],
				[122000, 2, 0],
				[122000, 3, 0],
				[122250, 2, 0],
				[122250, 1, 0],
				[122250, 0, 0],
				[122500, 1, 0],
				[122500, 2, 0],
				[122500, 3, 0],
				[122700, 4, 0],
				[122700, 5, 0],
				[122700, 6, 0],
				[123000, 5, 0],
				[123000, 6, 0],
				[123000, 7, 0]
			],
			"sectionBeats": 4,
			"altAnim": false,
			"gfSection": false,
			"bpm": 150,
			"changeBPM": false,
			"mustHitSection": true
		},
		{
			"typeOfSection": 0,
			"sectionNotes": [
				[123325, 4, 0],
				[123325, 5, 0],
				[123325, 6, 0],
				[123850, 6, 0],
				[123850, 4, 0],
				[123850, 7, 0],
				[124050, 6, 0],
				[124050, 5, 0],
				[124050, 7, 0],
				[124325, 6, 0],
				[124325, 5, 0],
				[124325, 4, 0],
				[124675, 7, 0],
				[124675, 5, 0],
				[124675, 4, 0]
			],
			"sectionBeats": 4,
			"altAnim": false,
			"gfSection": false,
			"bpm": 150,
			"changeBPM": false,
			"mustHitSection": false
		},
		{
			"typeOfSection": 0,
			"sectionNotes": [
				[125175, 6, 0],
				[125175, 5, 0],
				[125175, 4, 0],
				[125350, 7, 0],
				[125350, 5, 0],
				[125350, 6, 0],
				[125675, 4, 0],
				[125675, 6, 0],
				[125675, 7, 0],
				[125975, 5, 0],
				[125975, 6, 0],
				[125975, 4, 0]
			],
			"sectionBeats": 4,
			"altAnim": false,
			"gfSection": false,
			"bpm": 150,
			"changeBPM": false,
			"mustHitSection": false
		},
		{
			"typeOfSection": 0,
			"sectionNotes": [
				[126500, 7, 0],
				[126500, 5, 0],
				[126500, 6, 0],
				[126700, 5, 0],
				[126700, 7, 0],
				[126700, 6, 0],
				[127000, 6, 0],
				[127000, 4, 0],
				[127000, 7, 0],
				[127350, 7, 0],
				[127350, 6, 0],
				[127350, 5, 0],
				[127550, 4, 0],
				[127550, 5, 0],
				[127550, 7, 0],
				[127850, 6, 0],
				[127850, 5, 0],
				[127850, 7, 0]
			],
			"sectionBeats": 4,
			"altAnim": false,
			"gfSection": false,
			"bpm": 150,
			"changeBPM": false,
			"mustHitSection": false
		},
		{
			"typeOfSection": 0,
			"sectionNotes": [
				[128000, 5, 0],
				[128200, 4, 0],
				[128350, 6, 0],
				[128600, 4, 0],
				[128700, 7, 0],
				[128950, 6, 0],
				[129175, 4, 0],
				[129225, 5, 0],
				[129525, 4, 0]
			],
			"sectionBeats": 4,
			"altAnim": false,
			"gfSection": false,
			"bpm": 150,
			"changeBPM": false,
			"mustHitSection": false
		},
		{
			"typeOfSection": 0,
			"sectionNotes": [
				[129625, 5, 0],
				[129625, 7, 0],
				[129850, 6, 0],
				[129950, 7, 0],
				[130050, 4, 0],
				[130275, 7, 0],
				[130500, 5, 0],
				[130675, 6, 0],
				[130875, 7, 0],
				[131000, 4, 0],
				[131000, 5, 0]
			],
			"sectionBeats": 4,
			"altAnim": false,
			"gfSection": false,
			"bpm": 150,
			"changeBPM": false,
			"mustHitSection": false
		},
		{
			"typeOfSection": 0,
			"sectionNotes": [
				[131250, 6, 0],
				[131350, 7, 0],
				[131575, 4, 0],
				[131875, 5, 0],
				[132025, 6, 0],
				[132075, 7, 0],
				[132350, 4, 0],
				[132525, 6, 0],
				[132675, 7, 0]
			],
			"sectionBeats": 4,
			"altAnim": false,
			"gfSection": false,
			"bpm": 150,
			"changeBPM": false,
			"mustHitSection": false
		},
		{
			"typeOfSection": 0,
			"sectionNotes": [
				[132850, 5, 0],
				[132950, 4, 0],
				[133175, 6, 0],
				[133275, 5, 0],
				[133350, 1, 0],
				[133500, 0, 0],
				[133675, 2, 0],
				[133900, 0, 0],
				[134000, 3, 0],
				[134325, 2, 0]
			],
			"sectionBeats": 4,
			"altAnim": false,
			"gfSection": false,
			"bpm": 150,
			"changeBPM": false,
			"mustHitSection": false
		},
		{
			"typeOfSection": 0,
			"sectionNotes": [
				[134500, 0, 0],
				[134550, 1, 0],
				[134875, 0, 0],
				[134975, 2, 0],
				[135175, 0, 0],
				[135275, 3, 0],
				[135375, 2, 0],
				[135675, 0, 0],
				[135850, 1, 0]
			],
			"sectionBeats": 4,
			"altAnim": false,
			"gfSection": false,
			"bpm": 150,
			"changeBPM": false,
			"mustHitSection": true
		},
		{
			"sectionBeats": 4,
			"sectionNotes": [
				[136000, 3, 0],
				[136175, 3, 0],
				[136350, 0, 0],
				[136600, 1, 0],
				[136700, 3, 0],
				[137025, 2, 0],
				[137200, 0, 0],
				[137350, 1, 0],
				[137375, 2, 0]
			],
			"typeOfSection": 0,
			"gfSection": false,
			"altAnim": false,
			"mustHitSection": true,
			"changeBPM": false,
			"bpm": 150
		},
		{
			"sectionBeats": 4,
			"sectionNotes": [
				[137600, 3, 0],
				[137850, 0, 0],
				[138025, 1, 0],
				[138200, 3, 0],
				[138300, 2, 0],
				[138500, 0, 0],
				[138600, 1, 0],
				[138675, 4, 0],
				[138825, 7, 0],
				[139025, 6, 0]
			],
			"typeOfSection": 0,
			"gfSection": false,
			"altAnim": false,
			"mustHitSection": true,
			"changeBPM": false,
			"bpm": 150
		},
		{
			"sectionBeats": 4,
			"sectionNotes": [
				[139250, 5, 0],
				[139350, 7, 0],
				[139675, 5, 0],
				[139700, 4, 0],
				[139850, 7, 0],
				[140025, 4, 0],
				[140175, 7, 0],
				[140275, 4, 0],
				[140350, 7, 0],
				[140450, 6, 0],
				[140550, 4, 0],
				[140650, 5, 0],
				[140700, 7, 0]
			],
			"typeOfSection": 0,
			"gfSection": false,
			"altAnim": false,
			"mustHitSection": false,
			"changeBPM": false,
			"bpm": 150
		},
		{
			"sectionBeats": 4,
			"sectionNotes": [
				[140900, 6, 0],
				[141200, 4, 0],
				[141350, 5, 0],
				[141525, 5, 0],
				[141675, 4, 0],
				[141925, 7, 0],
				[142025, 6, 0],
				[142250, 4, 0],
				[142325, 5, 0]
			],
			"typeOfSection": 0,
			"gfSection": false,
			"altAnim": false,
			"mustHitSection": false,
			"changeBPM": false,
			"bpm": 150
		},
		{
			"sectionBeats": 4,
			"sectionNotes": [
				[142550, 6, 0],
				[142675, 4, 0],
				[142700, 5, 0],
				[142850, 7, 0],
				[142950, 4, 0],
				[143050, 5, 0],
				[143150, 6, 0],
				[143250, 7, 0],
				[143400, 4, 0],
				[143675, 5, 0],
				[143850, 7, 0]
			],
			"typeOfSection": 0,
			"gfSection": false,
			"altAnim": false,
			"mustHitSection": false,
			"changeBPM": false,
			"bpm": 150
		},
		{
			"sectionBeats": 4,
			"sectionNotes": [
				[144000, 7, 0],
				[144000, 1, 0],
				[144200, 0, 0],
				[144350, 5, 0],
				[144350, 2, 0],
				[144625, 0, 0],
				[144700, 4, 100],
				[144725, 3, 0],
				[144925, 1, 0],
				[145150, 0, 0],
				[145200, 6, 0],
				[145350, 4, 0],
				[145350, 2, 0],
				[145400, 3, 0],
				[145525, 0, 0]
			],
			"typeOfSection": 0,
			"gfSection": false,
			"altAnim": false,
			"mustHitSection": true,
			"changeBPM": false,
			"bpm": 150
		},
		{
			"sectionBeats": 4,
			"sectionNotes": [
				[145600, 1, 0],
				[145675, 5, 0],
				[145675, 2, 0],
				[145750, 3, 0],
				[145825, 0, 150],
				[145825, 1, 0],
				[146075, 7, 0],
				[146075, 2, 0],
				[146125, 3, 0],
				[146375, 0, 0],
				[146500, 6, 0],
				[146525, 2, 0],
				[146675, 3, 0],
				[146850, 6, 0],
				[146850, 3, 0],
				[147000, 4, 0],
				[147000, 1, 0]
			],
			"typeOfSection": 0,
			"gfSection": false,
			"altAnim": false,
			"mustHitSection": true,
			"changeBPM": false,
			"bpm": 150
		},
		{
			"sectionBeats": 4,
			"sectionNotes": [
				[147250, 0, 0],
				[147350, 2, 0],
				[147375, 5, 0],
				[147525, 6, 0],
				[147600, 1, 0],
				[147675, 4, 0],
				[147725, 3, 0],
				[147850, 7, 0],
				[147850, 0, 0],
				[148000, 2, 0],
				[148175, 0, 0],
				[148225, 4, 0],
				[148275, 3, 0],
				[148350, 6, 0],
				[148375, 0, 0],
				[148475, 1, 0],
				[148575, 3, 0],
				[148675, 4, 0],
				[148675, 0, 0],
				[148725, 1, 0]
			],
			"typeOfSection": 0,
			"gfSection": false,
			"altAnim": false,
			"mustHitSection": true,
			"changeBPM": false,
			"bpm": 150
		},
		{
			"sectionBeats": 4,
			"sectionNotes": [
				[148850, 5, 0],
				[148900, 2, 0],
				[148975, 3, 0],
				[149000, 7, 0],
				[149175, 6, 0],
				[149175, 0, 0]
			],
			"typeOfSection": 0,
			"gfSection": false,
			"altAnim": false,
			"mustHitSection": true,
			"changeBPM": false,
			"bpm": 150
		},
		{
			"sectionBeats": 4,
			"sectionNotes": [],
			"typeOfSection": 0,
			"gfSection": false,
			"altAnim": false,
			"mustHitSection": true,
			"changeBPM": false,
			"bpm": 150
		},
		{
			"sectionBeats": 4,
			"sectionNotes": [],
			"typeOfSection": 0,
			"gfSection": false,
			"altAnim": false,
			"mustHitSection": true,
			"changeBPM": false,
			"bpm": 150
		},
		{
			"sectionBeats": 4,
			"sectionNotes": [],
			"typeOfSection": 0,
			"gfSection": false,
			"altAnim": false,
			"mustHitSection": true,
			"changeBPM": false,
			"bpm": 150
		},
		{
			"sectionBeats": 4,
			"sectionNotes": [],
			"typeOfSection": 0,
			"gfSection": false,
			"altAnim": false,
			"mustHitSection": true,
			"changeBPM": false,
			"bpm": 150
		},
		{
			"sectionBeats": 4,
			"sectionNotes": [],
			"typeOfSection": 0,
			"gfSection": false,
			"altAnim": false,
			"mustHitSection": true,
			"changeBPM": false,
			"bpm": 150
		},
		{
			"sectionBeats": 4,
			"sectionNotes": [],
			"typeOfSection": 0,
			"gfSection": false,
			"altAnim": false,
			"mustHitSection": true,
			"changeBPM": false,
			"bpm": 150
		},
		{
			"sectionBeats": 4,
			"sectionNotes": [],
			"typeOfSection": 0,
			"gfSection": false,
			"altAnim": false,
			"mustHitSection": true,
			"changeBPM": false,
			"bpm": 150
		},
		{
			"sectionBeats": 4,
			"sectionNotes": [],
			"typeOfSection": 0,
			"gfSection": false,
			"altAnim": false,
			"mustHitSection": true,
			"changeBPM": false,
			"bpm": 150
		},
		{
			"sectionBeats": 4,
			"sectionNotes": [],
			"typeOfSection": 0,
			"gfSection": false,
			"altAnim": false,
			"mustHitSection": true,
			"changeBPM": false,
			"bpm": 150
		},
		{
			"sectionBeats": 4,
			"sectionNotes": [],
			"typeOfSection": 0,
			"gfSection": false,
			"altAnim": false,
			"mustHitSection": true,
			"changeBPM": false,
			"bpm": 150
		},
		{
			"sectionBeats": 4,
			"sectionNotes": [],
			"typeOfSection": 0,
			"gfSection": false,
			"altAnim": false,
			"mustHitSection": true,
			"changeBPM": false,
			"bpm": 150
		}
	],
	"events": [],
	"player2": "bfYB",
	"disableNoteRGB": false,
	"splashSkin": null,
	"song": "sky",
	"arrowSkin": "NOTE_assets",
	"needsVoices": true,
	"stage": "seay 1",
	"speed": 3,
	"bpm": 150,
	"format": "psych_v1_convert"
}