{
	"player1": "yongtai2",
	"player2": "6H",
	"events": [],
	"notes": [
		{
			"typeOfSection": 0,
			"sectionNotes": [
				[0, 6, 0],
				[444.444444444444, 6, 0],
				[888.888888888889, 6, 0],
				[1333.33333333333, 6, 0]
			],
			"sectionBeats": 4,
			"altAnim": false,
			"gfSection": true,
			"bpm": 150,
			"changeBPM": false,
			"mustHitSection": false
		},
		{
			"typeOfSection": 0,
			"sectionNotes": [
				[1777.77777777778, 7, 0],
				[2111.11111111111, 6, 0],
				[2333.33333333333, 4, 0],
				[2444.44444444444, 5, 0],
				[2666.66666666667, 7, 111.111111111111],
				[3111.11111111111, 6, 0],
				[3333.33333333333, 5, 0]
			],
			"sectionBeats": 4,
			"altAnim": false,
			"gfSection": true,
			"bpm": 150,
			"changeBPM": false,
			"mustHitSection": false
		},
		{
			"typeOfSection": 0,
			"sectionNotes": [
				[3555.55555555556, 7, 0],
				[3888.88888888889, 6, 0],
				[4000, 5, 0],
				[4111.11111111111, 7, 111.111111111111],
				[4333.33333333333, 6, 0],
				[4888.88888888889, 4, 333.333333333333],
				[5111.11111111111, 5, 111.111111111111]
			],
			"sectionBeats": 4,
			"altAnim": false,
			"gfSection": true,
			"bpm": 150,
			"changeBPM": false,
			"mustHitSection": false
		},
		{
			"typeOfSection": 0,
			"sectionNotes": [
				[5333.33333333333, 7, 0],
				[5666.66666666667, 6, 0],
				[5888.88888888889, 4, 0],
				[6000, 5, 0],
				[6222.22222222222, 7, 111.111111111111],
				[6666.66666666667, 6, 0],
				[6888.88888888889, 5, 0]
			],
			"sectionBeats": 4,
			"altAnim": false,
			"gfSection": true,
			"bpm": 135,
			"changeBPM": false,
			"mustHitSection": false
		},
		{
			"typeOfSection": 0,
			"sectionNotes": [
				[7111.11111111111, 7, 0],
				[7333.33333333333, 6, 0],
				[7555.55555555556, 4, 0],
				[7777.77777777778, 5, 0],
				[8000, 7, 0],
				[8222.22222222222, 6, 0],
				[8444.44444444444, 4, 333.333333333333],
				[8666.66666666667, 5, 111.111111111111]
			],
			"sectionBeats": 4,
			"altAnim": false,
			"gfSection": true,
			"bpm": 135,
			"changeBPM": false,
			"mustHitSection": false
		},
		{
			"typeOfSection": 0,
			"sectionNotes": [
				[8888.88888888889, 7, 0],
				[9222.22222222222, 6, 0],
				[9444.44444444444, 4, 0],
				[9555.55555555555, 5, 0],
				[9777.77777777778, 7, 111.111111111111],
				[10222.2222222222, 6, 0],
				[10444.4444444444, 5, 0]
			],
			"sectionBeats": 4,
			"altAnim": false,
			"gfSection": true,
			"bpm": 135,
			"changeBPM": false,
			"mustHitSection": false
		},
		{
			"typeOfSection": 0,
			"sectionNotes": [
				[10666.6666666667, 7, 0],
				[11000, 6, 0],
				[11222.2222222222, 4, 0],
				[11333.3333333333, 5, 0],
				[11555.5555555556, 7, 111.111111111111],
				[12000, 6, 0],
				[12222.2222222222, 5, 0]
			],
			"sectionBeats": 4,
			"altAnim": false,
			"gfSection": true,
			"bpm": 135,
			"changeBPM": false,
			"mustHitSection": false
		},
		{
			"typeOfSection": 0,
			"sectionNotes": [
				[12444.4444444444, 7, 0],
				[12777.7777777778, 6, 0],
				[13000, 4, 0],
				[13111.1111111111, 5, 0],
				[13333.3333333333, 7, 111.111111111111],
				[13777.7777777778, 6, 0],
				[14000, 5, 0]
			],
			"sectionBeats": 4,
			"altAnim": false,
			"gfSection": true,
			"bpm": 135,
			"changeBPM": false,
			"mustHitSection": false
		},
		{
			"typeOfSection": 0,
			"sectionNotes": [
				[14222.2222222222, 7, 0],
				[14444.4444444444, 6, 0],
				[14666.6666666667, 4, 0],
				[14888.8888888889, 5, 0],
				[15111.1111111111, 7, 0],
				[15333.3333333333, 6, 0],
				[15555.5555555556, 4, 333.333333333333],
				[15777.7777777778, 5, 111.111111111111]
			],
			"sectionBeats": 4,
			"altAnim": false,
			"gfSection": true,
			"bpm": 135,
			"changeBPM": false,
			"mustHitSection": false
		},
		{
			"typeOfSection": 0,
			"sectionNotes": [
				[16000, 6, 333.333333333333],
				[16444.4444444444, 5, 0],
				[16888.8888888889, 7, 0],
				[17111.1111111111, 6, 0],
				[17333.3333333333, 4, 0],
				[17555.5555555556, 7, 0]
			],
			"sectionBeats": 4,
			"altAnim": false,
			"gfSection": false,
			"bpm": 135,
			"changeBPM": false,
			"mustHitSection": false
		},
		{
			"typeOfSection": 0,
			"sectionNotes": [
				[17777.7777777778, 6, 222.222222222222],
				[18222.2222222222, 5, 0],
				[18666.6666666667, 6, 0],
				[18888.8888888889, 7, 0],
				[19111.1111111111, 5, 0],
				[19333.3333333333, 6, 0]
			],
			"sectionBeats": 4,
			"altAnim": false,
			"gfSection": false,
			"bpm": 135,
			"changeBPM": false,
			"mustHitSection": false
		},
		{
			"typeOfSection": 0,
			"sectionNotes": [
				[19555.5555555556, 4, 0],
				[19777.7777777778, 5, 0],
				[20000, 7, 0],
				[20222.2222222222, 6, 0],
				[20444.4444444444, 4, 0],
				[20666.6666666667, 7, 0],
				[20888.8888888889, 6, 0],
				[21111.1111111111, 4, 0]
			],
			"sectionBeats": 4,
			"altAnim": false,
			"gfSection": false,
			"bpm": 135,
			"changeBPM": false,
			"mustHitSection": false
		},
		{
			"typeOfSection": 0,
			"sectionNotes": [
				[21333.3333333333, 6, 0],
				[21555.5555555556, 5, 0],
				[21777.7777777778, 7, 0],
				[22000, 6, 0],
				[22222.2222222222, 4, 0],
				[22444.4444444444, 7, 0],
				[22666.6666666667, 6, 444.444444444444]
			],
			"sectionBeats": 4,
			"altAnim": false,
			"gfSection": false,
			"bpm": 135,
			"changeBPM": false,
			"mustHitSection": false
		},
		{
			"typeOfSection": 0,
			"sectionNotes": [
				[23111.1111111111, 2, 333.333333333333],
				[23555.5555555556, 1, 0],
				[24000, 3, 0],
				[24222.2222222222, 2, 0],
				[24444.4444444444, 0, 0],
				[24666.6666666667, 3, 0]
			],
			"sectionBeats": 4,
			"altAnim": false,
			"gfSection": false,
			"bpm": 135,
			"changeBPM": false,
			"mustHitSection": true
		},
		{
			"typeOfSection": 0,
			"sectionNotes": [
				[24888.8888888889, 2, 222.222222222222],
				[25333.3333333333, 1, 0],
				[25777.7777777778, 2, 0],
				[26000, 3, 0],
				[26222.2222222222, 1, 0],
				[26444.4444444444, 2, 0]
			],
			"sectionBeats": 4,
			"altAnim": false,
			"gfSection": false,
			"bpm": 135,
			"changeBPM": false,
			"mustHitSection": true
		},
		{
			"typeOfSection": 0,
			"sectionNotes": [
				[26666.6666666667, 0, 0],
				[26888.8888888889, 1, 0],
				[27111.1111111111, 3, 0],
				[27333.3333333333, 2, 0],
				[27555.5555555556, 0, 0],
				[27777.7777777778, 3, 0],
				[28000, 2, 0],
				[28222.2222222222, 0, 0]
			],
			"sectionBeats": 4,
			"altAnim": false,
			"gfSection": false,
			"bpm": 135,
			"changeBPM": false,
			"mustHitSection": true
		},
		{
			"typeOfSection": 0,
			"sectionNotes": [
				[28444.4444444444, 2, 0],
				[28666.6666666667, 1, 0],
				[28888.8888888889, 3, 0],
				[29111.1111111111, 2, 0],
				[29333.3333333333, 0, 0],
				[29555.5555555556, 3, 0],
				[29777.7777777778, 2, 444.444444444444]
			],
			"sectionBeats": 4,
			"altAnim": false,
			"gfSection": false,
			"bpm": 135,
			"changeBPM": false,
			"mustHitSection": true
		},
		{
			"typeOfSection": 0,
			"sectionNotes": [
				[30444.4444444444, 5, 0],
				[30666.6666666667, 6, 333.333333333333],
				[31111.1111111111, 4, 333.333333333333],
				[31555.5555555556, 5, 333.333333333333]
			],
			"sectionBeats": 4,
			"altAnim": false,
			"gfSection": false,
			"bpm": 135,
			"changeBPM": false,
			"mustHitSection": false
		},
		{
			"typeOfSection": 0,
			"sectionNotes": [
				[32000, 6, 333.333333333333],
				[32444.4444444444, 4, 0],
				[32666.6666666667, 5, 0],
				[32888.8888888889, 7, 0],
				[33111.1111111111, 6, 0],
				[33333.3333333333, 4, 333.333333333333]
			],
			"sectionBeats": 4,
			"altAnim": false,
			"gfSection": false,
			"bpm": 135,
			"changeBPM": false,
			"mustHitSection": false
		},
		{
			"typeOfSection": 0,
			"sectionNotes": [
				[33777.7777777778, 6, 333.333333333333],
				[34000, 1, 0],
				[34222.2222222222, 2, 333.333333333333],
				[34666.6666666667, 0, 333.333333333333],
				[34666.6666666667, 4, 333.333333333333],
				[35111.1111111111, 1, 111.111111111111],
				[35333.3333333333, 2, 111.111111111111]
			],
			"sectionBeats": 4,
			"altAnim": false,
			"gfSection": false,
			"bpm": 135,
			"changeBPM": false,
			"mustHitSection": true
		},
		{
			"typeOfSection": 0,
			"sectionNotes": [
				[35555.5555555556, 0, 111.111111111111],
				[35555.5555555556, 6, 444.444444444444],
				[36000, 2, 111.111111111111],
				[36222.2222222222, 1, 111.111111111111],
				[36444.4444444444, 3, 111.111111111111],
				[36444.4444444444, 5, 444.444444444444],
				[36666.6666666667, 2, 111.111111111111],
				[36888.8888888889, 0, 111.111111111111],
				[37111.1111111111, 1, 111.111111111111]
			],
			"sectionBeats": 4,
			"altAnim": false,
			"gfSection": false,
			"bpm": 135,
			"changeBPM": false,
			"mustHitSection": true
		},
		{
			"typeOfSection": 0,
			"sectionNotes": [
				[37333.3333333333, 6, 333.333333333333],
				[37777.7777777778, 5, 333.333333333333],
				[38222.2222222222, 7, 0],
				[38666.6666666667, 6, 0],
				[38888.8888888889, 5, 0]
			],
			"sectionBeats": 4,
			"altAnim": false,
			"gfSection": false,
			"bpm": 135,
			"changeBPM": false,
			"mustHitSection": false
		},
		{
			"typeOfSection": 0,
			"sectionNotes": [
				[39111.1111111111, 7, 0],
				[39555.5555555556, 6, 0],
				[39777.7777777778, 5, 0],
				[40000, 7, 0],
				[40444.4444444445, 6, 0],
				[40666.6666666667, 5, 0]
			],
			"sectionBeats": 4,
			"altAnim": false,
			"gfSection": false,
			"bpm": 135,
			"changeBPM": false,
			"mustHitSection": false
		},
		{
			"typeOfSection": 0,
			"sectionNotes": [
				[40888.8888888889, 7, 1000],
				[40888.8888888889, 2, 333.333333333333],
				[41333.3333333333, 1, 333.333333333333],
				[41777.7777777778, 3, 0],
				[42222.2222222222, 2, 0],
				[42444.4444444444, 1, 0]
			],
			"sectionBeats": 4,
			"altAnim": false,
			"gfSection": false,
			"bpm": 135,
			"changeBPM": false,
			"mustHitSection": true
		},
		{
			"typeOfSection": 0,
			"sectionNotes": [
				[42666.6666666667, 3, 0],
				[43111.1111111111, 2, 0],
				[43333.3333333333, 1, 0],
				[43555.5555555556, 3, 0],
				[43777.7777777778, 2, 0],
				[44000, 0, 333.333333333333]
			],
			"sectionBeats": 4,
			"altAnim": false,
			"gfSection": false,
			"bpm": 135,
			"changeBPM": false,
			"mustHitSection": true
		},
		{
			"typeOfSection": 0,
			"sectionNotes": [
				[44444.4444444445, 2, 333.333333333333],
				[44888.8888888889, 1, 0],
				[45000, 3, 0],
				[45111.1111111111, 2, 0],
				[45333.3333333334, 0, 0],
				[45666.6666666667, 0, 0],
				[46000, 0, 0]
			],
			"sectionBeats": 4,
			"altAnim": false,
			"gfSection": false,
			"bpm": 135,
			"changeBPM": false,
			"mustHitSection": true
		},
		{
			"typeOfSection": 0,
			"sectionNotes": [
				[46222.2222222222, 2, 333.333333333333],
				[46666.6666666667, 1, 0],
				[46777.7777777778, 3, 0],
				[46888.8888888889, 2, 0],
				[47111.1111111111, 0, 0],
				[47444.4444444445, 3, 0],
				[47777.7777777778, 0, 0]
			],
			"sectionBeats": 4,
			"altAnim": false,
			"gfSection": false,
			"bpm": 135,
			"changeBPM": false,
			"mustHitSection": true
		},
		{
			"typeOfSection": 0,
			"sectionNotes": [
				[48000, 2, 333.333333333333],
				[48444.4444444445, 1, 0],
				[48555.5555555556, 3, 0],
				[48666.6666666667, 0, 0],
				[48888.8888888889, 3, 0],
				[49222.2222222222, 0, 0],
				[49555.5555555556, 3, 0]
			],
			"sectionBeats": 4,
			"altAnim": false,
			"gfSection": false,
			"bpm": 135,
			"changeBPM": false,
			"mustHitSection": true
		},
		{
			"typeOfSection": 0,
			"sectionNotes": [
				[49777.7777777778, 2, 111.111111111111],
				[50000, 1, 111.111111111111],
				[50222.2222222222, 3, 0],
				[50444.4444444445, 2, 0],
				[50555.5555555556, 1, 0],
				[50666.6666666667, 0, 0],
				[51000, 3, 0],
				[51333.3333333334, 2, 111.111111111111]
			],
			"sectionBeats": 4,
			"altAnim": false,
			"gfSection": false,
			"bpm": 135,
			"changeBPM": false,
			"mustHitSection": true
		},
		{
			"typeOfSection": 0,
			"sectionNotes": [
				[51555.5555555556, 6, 333.333333333333],
				[52000, 5, 0],
				[52111.1111111111, 7, 0],
				[52222.2222222222, 6, 0],
				[52444.4444444445, 4, 0],
				[52777.7777777778, 4, 0],
				[53111.1111111111, 4, 0]
			],
			"sectionBeats": 4,
			"altAnim": false,
			"gfSection": false,
			"bpm": 135,
			"changeBPM": false,
			"mustHitSection": false
		},
		{
			"typeOfSection": 0,
			"sectionNotes": [
				[53333.3333333334, 6, 333.333333333333],
				[53777.7777777778, 5, 0],
				[53888.8888888889, 7, 0],
				[54000, 6, 0],
				[54222.2222222222, 4, 0],
				[54555.5555555556, 4, 0],
				[54888.8888888889, 4, 0]
			],
			"sectionBeats": 4,
			"altAnim": false,
			"gfSection": false,
			"bpm": 135,
			"changeBPM": false,
			"mustHitSection": false
		},
		{
			"typeOfSection": 0,
			"sectionNotes": [
				[55111.1111111111, 6, 333.333333333333],
				[55555.5555555556, 5, 0],
				[55666.6666666667, 7, 0],
				[55777.7777777778, 6, 0],
				[56000, 4, 0],
				[56333.3333333333, 4, 0],
				[56666.6666666667, 4, 0]
			],
			"sectionBeats": 4,
			"altAnim": false,
			"gfSection": false,
			"bpm": 135,
			"changeBPM": false,
			"mustHitSection": false
		},
		{
			"typeOfSection": 0,
			"sectionNotes": [
				[56888.8888888889, 6, 111.111111111111],
				[57111.1111111111, 5, 111.111111111111],
				[57333.3333333334, 7, 0],
				[57555.5555555556, 6, 0],
				[57666.6666666667, 5, 0],
				[57777.7777777778, 4, 0],
				[58111.1111111111, 7, 0],
				[58444.4444444445, 6, 111.111111111111]
			],
			"sectionBeats": 4,
			"altAnim": false,
			"gfSection": false,
			"bpm": 135,
			"changeBPM": false,
			"mustHitSection": false
		},
		{
			"typeOfSection": 0,
			"sectionNotes": [
				[58666.6666666667, 3, 0],
				[58777.7777777778, 2, 0],
				[58888.8888888889, 1, 0],
				[59000, 0, 0],
				[59000, 3, 0],
				[59111.1111111112, 2, 0],
				[59222.2222222223, 1, 0],
				[59333.3333333334, 0, 0],
				[59333.3333333334, 3, 0],
				[59444.4444444445, 2, 0],
				[59555.5555555556, 1, 0],
				[59666.6666666667, 0, 0],
				[59777.7777777778, 2, 0],
				[59888.8888888889, 1, 0],
				[60000, 3, 0],
				[60111.1111111112, 3, 0],
				[60222.2222222223, 3, 0],
				[60333.3333333334, 2, 0]
			],
			"sectionBeats": 4,
			"altAnim": false,
			"gfSection": false,
			"bpm": 135,
			"changeBPM": false,
			"mustHitSection": true
		},
		{
			"typeOfSection": 0,
			"sectionNotes": [
				[60444.4444444445, 2, 0],
				[60555.5555555556, 1, 0],
				[60666.6666666667, 3, 0],
				[60777.7777777778, 0, 222.222222222222],
				[61111.1111111112, 3, 0],
				[61333.3333333334, 2, 0],
				[61444.4444444445, 1, 0],
				[61555.5555555556, 0, 0],
				[61666.6666666667, 1, 0],
				[61777.7777777778, 2, 0],
				[62000, 1, 0]
			],
			"sectionBeats": 4,
			"altAnim": false,
			"gfSection": false,
			"bpm": 135,
			"changeBPM": false,
			"mustHitSection": true
		},
		{
			"typeOfSection": 0,
			"sectionNotes": [
				[62222.2222222223, 3, 0],
				[62222.2222222223, 7, 0],
				[62333.3333333334, 6, 0],
				[62444.4444444445, 5, 0],
				[62555.5555555556, 4, 0],
				[62555.5555555556, 7, 0],
				[62666.6666666667, 6, 0],
				[62777.7777777778, 5, 0],
				[62888.8888888889, 4, 0],
				[62888.8888888889, 7, 0],
				[63000, 6, 0],
				[63111.1111111112, 5, 0],
				[63222.2222222223, 4, 0],
				[63333.3333333334, 6, 0],
				[63444.4444444445, 5, 0],
				[63555.5555555556, 7, 0],
				[63666.6666666667, 7, 0],
				[63777.7777777778, 7, 0],
				[63888.8888888889, 6, 0]
			],
			"sectionBeats": 4,
			"altAnim": false,
			"gfSection": false,
			"bpm": 135,
			"changeBPM": false,
			"mustHitSection": false
		},
		{
			"typeOfSection": 0,
			"sectionNotes": [
				[64000.0000000001, 6, 0],
				[64111.1111111112, 5, 0],
				[64222.2222222223, 7, 0],
				[64333.3333333334, 4, 222.222222222222],
				[64666.6666666667, 7, 0],
				[64888.8888888889, 6, 0],
				[65000, 5, 0],
				[65111.1111111112, 4, 0],
				[65222.2222222223, 5, 0],
				[65333.3333333334, 6, 0],
				[65555.5555555556, 5, 0]
			],
			"sectionBeats": 4,
			"altAnim": false,
			"gfSection": false,
			"bpm": 135,
			"changeBPM": false,
			"mustHitSection": false
		},
		{
			"typeOfSection": 0,
			"sectionNotes": [
				[65777.7777777778, 7, 0],
				[65777.7777777778, 2, 111.111111111111],
				[66000, 1, 0],
				[66222.2222222223, 3, 0],
				[66333.3333333334, 2, 0],
				[66444.4444444445, 0, 0],
				[66555.5555555556, 1, 0],
				[66666.6666666667, 3, 0],
				[66777.7777777778, 2, 0],
				[66888.8888888889, 1, 111.111111111111],
				[67111.1111111112, 3, 0],
				[67333.3333333334, 2, 0]
			],
			"sectionBeats": 4,
			"altAnim": false,
			"gfSection": false,
			"bpm": 135,
			"changeBPM": false,
			"mustHitSection": true
		},
		{
			"typeOfSection": 0,
			"sectionNotes": [
				[67777.7777777778, 2, 0],
				[68000, 1, 0],
				[68000, 6, 333.333333333333],
				[68111.1111111112, 3, 0],
				[68222.2222222223, 2, 0],
				[68333.3333333334, 0, 0],
				[68444.4444444445, 1, 0],
				[68444.4444444445, 5, 333.333333333333],
				[68555.5555555556, 3, 0],
				[68666.6666666667, 2, 0],
				[68888.8888888889, 0, 0],
				[68888.8888888889, 6, 333.333333333333],
				[69111.1111111112, 1, 0],
				[69111.1111111112, 4, 111.111111111111]
			],
			"sectionBeats": 4,
			"altAnim": false,
			"gfSection": false,
			"bpm": 135,
			"changeBPM": false,
			"mustHitSection": true
		},
		{
			"typeOfSection": 0,
			"sectionNotes": [
				[69333.3333333334, 2, 0],
				[69555.5555555556, 1, 0],
				[69666.6666666667, 2, 0],
				[69777.7777777778, 0, 0],
				[69888.8888888889, 3, 0],
				[70000.0000000001, 1, 0],
				[70111.1111111112, 2, 0],
				[70222.2222222223, 0, 0],
				[70222.2222222223, 5, 0],
				[70333.3333333334, 3, 0],
				[70333.3333333334, 7, 0],
				[70444.4444444445, 1, 0],
				[70444.4444444445, 4, 0],
				[70555.5555555556, 2, 0],
				[70555.5555555556, 5, 0],
				[70666.6666666667, 0, 0],
				[70666.6666666667, 6, 0],
				[70777.7777777778, 3, 0],
				[70777.7777777778, 5, 0],
				[70888.8888888889, 6, 0],
				[71000.0000000001, 5, 0]
			],
			"sectionBeats": 4,
			"altAnim": false,
			"gfSection": false,
			"bpm": 135,
			"changeBPM": false,
			"mustHitSection": true
		},
		{
			"typeOfSection": 0,
			"sectionNotes": [
				[71111.1111111112, 2, 0],
				[71333.3333333334, 1, 0],
				[71444.4444444445, 2, 0],
				[71555.5555555556, 0, 0],
				[71666.6666666667, 3, 0],
				[71777.7777777778, 1, 0],
				[71888.8888888889, 2, 0],
				[72000.0000000001, 0, 0, "No Animation"],
				[72222.2222222223, 1, 0, "No Animation"],
				[72444.4444444445, 3, 0, "No Animation"],
				[72666.6666666667, 2, 0, "No Animation"]
			],
			"sectionBeats": 4,
			"altAnim": false,
			"gfSection": false,
			"bpm": 135,
			"changeBPM": false,
			"mustHitSection": true
		},
		{
			"typeOfSection": 0,
			"sectionNotes": [
				[73333.3333333334, 2, 333.333333333333],
				[73777.7777777778, 1, 0],
				[73888.8888888889, 2, 0],
				[74000.0000000001, 0, 0]
			],
			"sectionBeats": 4,
			"altAnim": false,
			"gfSection": false,
			"bpm": 135,
			"changeBPM": false,
			"mustHitSection": true
		},
		{
			"typeOfSection": 0,
			"sectionNotes": [
				[74888.8888888889, 1, 111.111111111111],
				[75111.1111111112, 2, 333.333333333333],
				[75555.5555555556, 1, 0],
				[75666.6666666667, 3, 0],
				[75777.7777777778, 0, 0]
			],
			"sectionBeats": 4,
			"altAnim": false,
			"gfSection": false,
			"bpm": 135,
			"changeBPM": false,
			"mustHitSection": true
		},
		{
			"typeOfSection": 0,
			"sectionNotes": [
				[76888.8888888889, 6, 333.333333333333],
				[77333.3333333334, 5, 0],
				[77444.4444444445, 6, 0],
				[77555.5555555556, 4, 0]
			],
			"sectionBeats": 4,
			"altAnim": false,
			"gfSection": false,
			"bpm": 135,
			"changeBPM": false,
			"mustHitSection": false
		},
		{
			"typeOfSection": 0,
			"sectionNotes": [
				[78444.4444444445, 5, 111.111111111111],
				[78444.4444444445, 1, 111.111111111111],
				[78666.6666666667, 6, 333.333333333333],
				[78666.6666666667, 2, 333.333333333333],
				[79111.1111111112, 5, 0],
				[79111.1111111112, 1, 0],
				[79222.2222222223, 7, 0],
				[79222.2222222223, 3, 0],
				[79333.3333333334, 4, 0],
				[79333.3333333334, 0, 0],
				[79555.5555555556, 3, 0],
				[79555.5555555556, 7, 0],
				[79777.7777777779, 2, 0],
				[79777.7777777779, 6, 0],
				[79888.888888889, 0, 0],
				[79888.888888889, 4, 0]
			],
			"sectionBeats": 4,
			"altAnim": false,
			"gfSection": false,
			"bpm": 135,
			"changeBPM": false,
			"mustHitSection": true
		},
		{
			"typeOfSection": 0,
			"sectionNotes": [
				[80000.0000000001, 1, 0],
				[80000.0000000001, 5, 0],
				[80111.1111111112, 3, 0],
				[80111.1111111112, 7, 0],
				[80222.2222222223, 2, 2444.44444444444],
				[80222.2222222223, 6, 1444.44444444444]
			],
			"sectionBeats": 4,
			"altAnim": false,
			"gfSection": false,
			"bpm": 135,
			"changeBPM": false,
			"mustHitSection": true
		},
		{
			"typeOfSection": 0,
			"sectionNotes": [
				[83333.3333333334, 3, 0]
			],
			"sectionBeats": 4,
			"altAnim": false,
			"gfSection": false,
			"bpm": 135,
			"changeBPM": false,
			"mustHitSection": true
		},
		{
			"typeOfSection": 0,
			"sectionNotes": [
				[83555.5555555556, 2, 0],
				[85111.1111111112, 2, 0, "Hey!"]
			],
			"sectionBeats": 4,
			"altAnim": false,
			"gfSection": false,
			"bpm": 135,
			"changeBPM": false,
			"mustHitSection": true
		},
		{
			"typeOfSection": 0,
			"sectionNotes": [],
			"sectionBeats": 4,
			"altAnim": false,
			"gfSection": false,
			"bpm": 135,
			"changeBPM": false,
			"mustHitSection": true
		},
		{
			"typeOfSection": 0,
			"sectionNotes": [],
			"sectionBeats": 4,
			"altAnim": false,
			"gfSection": false,
			"bpm": 135,
			"changeBPM": false,
			"mustHitSection": false
		},
		{
			"sectionBeats": 4,
			"sectionNotes": [],
			"typeOfSection": 0,
			"gfSection": false,
			"altAnim": false,
			"mustHitSection": true,
			"changeBPM": false,
			"bpm": 135
		}
	],
	"gfVersion": "gf",
	"disableNoteRGB": false,
	"splashSkin": "noteSplashes",
	"song": "love",
	"validScore": true,
	"stage": "ne",
	"arrowSkin": null,
	"needsVoices": true,
	"speed": 2.6,
	"bpm": 135,
	"format": "psych_v1_convert"
}